id,year,age,sex,educ,hrs1,happy,childs
Respondent ID number,GSS year for this respondent,Age of respondent,Respondents sex,Highest year of school completed,Number of hours worked last week,General happiness,Number of children
1,2024,33,1,16,43,3,2
2,2024,64,1,16,,2,0
3,2024,69,2,14,,2,0
4,2024,19,1,12,20,2,0
5,2024,70,2,13,,3,3
6,2024,53,1,14,,2,2
7,2024,48,2,13,80,2,6
8,2024,30,2,14,,3,1
9,2024,60,2,14,50,1,2
10,2024,25,1,12,,2,0
11,2024,23,2,18,35,2,0
12,2024,68,2,5,,1,1
13,2024,43,2,14,60,2,2
14,2024,37,2,12,40,3,1
15,2024,63,2,12,60,1,3
16,2024,31,2,19,37,1,1
17,2024,64,1,16,55,2,2
18,2024,,,13,,1,
19,2024,63,2,11,35,1,1
20,2024,41,2,8,24,2,2
21,2024,75,2,13,,2,2
22,2024,51,2,16,40,2,2
23,2024,69,1,14,40,2,0
24,2024,48,1,12,,3,1
25,2024,58,1,14,36,2,2
26,2024,71,1,18,15,1,3
27,2024,73,2,16,,2,2
28,2024,74,2,14,,2,3
29,2024,56,2,14,,1,2
30,2024,40,1,14,50,3,3
31,2024,55,2,13,,3,1
32,2024,55,2,18,,2,2
33,2024,31,1,12,89,2,0
34,2024,61,2,18,40,3,0
35,2024,71,2,12,24,2,0
36,2024,70,2,16,,1,
37,2024,60,2,16,,1,1
38,2024,57,2,11,,3,5
39,2024,37,2,16,30,2,3
40,2024,26,1,12,30,3,0
41,2024,59,1,12,46,2,4
42,2024,65,1,12,9,2,3
43,2024,71,2,17,40,2,2
44,2024,41,2,18,,2,1
45,2024,58,1,17,50,2,3
46,2024,79,1,17,,2,2
47,2024,83,2,16,,1,0
48,2024,57,1,16,50,1,2
49,2024,,1,16,,2,2
50,2024,65,1,11,40,2,2
51,2024,74,2,16,,2,2
52,2024,61,2,18,40,2,0
53,2024,24,2,16,55,1,0
54,2024,61,1,6,,3,0
55,2024,56,2,16,,2,0
56,2024,72,2,16,,2,0
57,2024,,2,12,,1,2
58,2024,49,2,18,,2,0
59,2024,78,1,13,,3,2
60,2024,63,2,13,,3,1
61,2024,57,2,18,50,2,0
62,2024,26,1,16,40,2,0
63,2024,89,2,12,,3,2
64,2024,79,1,15,40,1,1
65,2024,22,2,16,40,1,0
66,2024,49,2,17,,1,2
67,2024,52,2,16,40,2,
68,2024,70,1,17,,3,0
69,2024,23,1,15,18,2,0
70,2024,25,2,16,16,2,0
71,2024,41,2,17,,2,2
72,2024,37,1,16,5,3,0
73,2024,32,1,16,50,2,0
74,2024,32,1,16,35,1,0
75,2024,54,1,12,56,2,4
76,2024,56,1,13,5,1,1
77,2024,28,2,16,45,2,0
78,2024,46,2,16,,2,0
79,2024,20,2,14,,3,0
80,2024,31,1,16,20,2,0
81,2024,49,1,12,43,1,0
82,2024,59,2,16,40,2,2
83,2024,65,1,,,2,2
84,2024,74,2,3,,1,5
85,2024,47,2,17,,2,3
86,2024,62,2,14,,2,8
87,2024,37,2,13,30,,3
88,2024,50,2,12,40,2,2
89,2024,34,2,14,20,1,3
90,2024,36,1,16,35,2,0
91,2024,75,2,14,,2,2
92,2024,41,2,13,,3,3
93,2024,36,2,7,,1,3
94,2024,41,1,17,42,1,8
95,2024,79,1,12,,2,2
96,2024,26,1,13,40,2,0
97,2024,55,2,12,,2,1
98,2024,34,1,12,35,2,0
99,2024,54,1,12,40,2,0
100,2024,61,2,15,50,1,0
101,2024,72,2,14,,2,0
102,2024,54,2,16,40,2,0
103,2024,57,2,20,,3,1
104,2024,60,1,18,40,1,0
105,2024,86,2,16,,2,0
106,2024,66,1,12,,2,2
107,2024,55,2,12,35,1,3
108,2024,48,1,12,40,1,2
109,2024,34,2,14,28,2,2
110,2024,32,2,16,36,2,0
111,2024,68,2,15,,3,0
112,2024,35,2,12,,1,0
113,2024,44,2,12,28,2,5
114,2024,48,1,12,,3,2
115,2024,43,1,14,,3,7
116,2024,43,2,13,,2,4
117,2024,45,2,12,,1,6
118,2024,63,2,13,,2,1
119,2024,27,1,12,,3,0
120,2024,37,2,16,31,3,2
121,2024,60,2,12,,2,1
122,2024,22,1,,,,4
123,2024,44,1,10,,3,0
124,2024,24,1,12,40,2,0
125,2024,51,1,13,,3,6
126,2024,39,2,14,25,2,2
127,2024,55,1,20,40,2,1
128,2024,48,2,11,,3,4
129,2024,60,1,16,45,2,0
130,2024,60,2,16,40,3,2
131,2024,70,2,17,,3,1
132,2024,65,1,18,,2,2
133,2024,54,1,13,40,3,0
134,2024,45,2,11,,2,4
135,2024,38,2,12,25,3,5
136,2024,22,1,15,40,2,1
137,2024,76,2,16,,2,1
138,2024,42,1,20,45,1,3
139,2024,89,2,16,,1,2
140,2024,89,2,12,,2,5
141,2024,56,2,16,,3,3
142,2024,55,2,14,40,1,1
143,2024,41,1,18,60,1,3
144,2024,53,1,16,,3,2
145,2024,60,2,16,34,2,2
146,2024,72,2,13,,2,2
147,2024,72,1,16,,2,1
148,2024,72,2,16,,2,3
149,2024,89,2,16,,3,3
150,2024,71,2,12,,3,3
151,2024,74,2,17,,2,3
152,2024,30,2,16,,2,0
153,2024,77,2,16,,2,0
154,2024,73,2,12,,2,2
155,2024,65,2,20,15,2,2
156,2024,59,1,16,40,2,3
157,2024,49,1,13,42,3,0
158,2024,64,2,19,40,2,2
159,2024,70,1,18,,2,1
160,2024,68,1,14,,1,0
161,2024,31,1,18,36,1,1
162,2024,36,2,16,,1,2
163,2024,36,1,16,32,2,2
164,2024,45,2,16,24,2,2
165,2024,67,1,20,10,2,2
166,2024,52,2,16,10,2,4
167,2024,35,2,20,55,2,0
168,2024,28,2,18,40,2,0
169,2024,41,2,16,40,2,0
170,2024,23,2,17,50,2,0
171,2024,27,2,17,,1,0
172,2024,55,1,16,30,2,0
173,2024,69,2,4,,2,1
174,2024,65,2,12,,2,0
175,2024,38,2,14,52,2,3
176,2024,37,1,12,40,2,0
177,2024,70,1,12,,2,2
178,2024,62,1,12,,2,3
179,2024,70,2,18,,2,3
180,2024,64,2,15,,2,2
181,2024,60,2,16,,2,0
182,2024,42,2,13,40,2,0
183,2024,27,1,16,40,1,0
184,2024,,2,20,60,2,0
185,2024,66,1,18,,2,1
186,2024,58,2,16,40,1,1
187,2024,69,1,16,,2,1
188,2024,37,2,16,40,2,1
189,2024,49,2,16,,2,2
190,2024,72,1,19,,2,1
191,2024,22,2,16,,2,0
192,2024,80,1,20,,2,1
193,2024,57,1,18,40,2,2
194,2024,75,2,15,,2,2
195,2024,32,1,16,40,2,2
196,2024,34,2,14,,2,0
197,2024,34,1,12,30,3,0
198,2024,34,1,12,,2,0
199,2024,64,1,14,50,3,3
200,2024,71,1,9,,2,0
201,2024,21,1,12,40,2,0
202,2024,29,,20,25,2,2
203,2024,62,2,15,25,2,2
204,2024,73,2,13,,1,0
205,2024,62,1,15,,1,3
206,2024,,1,1,,2,3
207,2024,74,2,14,,1,1
208,2024,26,2,6,40,1,2
209,2024,58,2,17,,3,4
210,2024,18,2,12,37,2,0
211,2024,22,1,12,44,3,1
212,2024,30,1,12,,3,0
213,2024,39,1,16,60,2,2
214,2024,19,1,13,,2,0
215,2024,41,2,12,15,2,1
216,2024,38,2,11,20,3,2
217,2024,24,2,18,80,2,0
218,2024,66,1,14,,1,2
219,2024,33,1,12,,2,1
220,2024,48,2,16,64,3,5
221,2024,21,2,15,25,3,0
222,2024,28,1,11,8,3,0
223,2024,28,1,12,,3,2
224,2024,29,2,12,,3,5
225,2024,18,1,11,,3,0
226,2024,40,1,14,60,1,1
227,2024,62,1,17,,2,2
228,2024,39,1,12,,3,2
229,2024,,2,12,26,2,3
230,2024,53,2,18,40,2,0
231,2024,41,2,18,40,1,0
232,2024,72,1,14,,1,3
233,2024,34,2,14,40,2,1
234,2024,35,2,16,50,1,0
235,2024,46,2,14,30,1,2
236,2024,80,2,18,,1,0
237,2024,34,2,17,40,3,1
238,2024,35,2,12,,1,3
239,2024,54,1,12,,1,2
240,2024,73,1,17,,1,4
241,2024,49,2,12,32,2,2
242,2024,55,2,12,50,2,2
243,2024,37,2,12,6,2,3
244,2024,44,2,12,20,2,3
245,2024,47,1,11,50,2,6
246,2024,37,1,13,40,2,3
247,2024,,2,17,,3,0
248,2024,48,1,10,40,3,2
249,2024,54,2,13,,3,1
250,2024,28,1,14,30,2,0
251,2024,42,2,13,40,3,3
252,2024,64,2,16,,2,2
253,2024,89,2,0,,3,8
254,2024,82,2,6,,1,2
255,2024,37,2,16,44,1,0
256,2024,80,2,6,,1,0
257,2024,19,1,13,,2,0
258,2024,69,2,14,40,2,2
259,2024,51,2,12,26,3,4
260,2024,68,2,12,40,2,4
261,2024,58,1,14,40,3,0
262,2024,59,2,16,,2,4
263,2024,66,1,16,,2,1
264,2024,22,2,10,6,2,0
265,2024,34,1,16,20,3,0
266,2024,82,1,16,,1,3
267,2024,74,1,16,,2,4
268,2024,61,2,14,8,2,1
269,2024,64,1,17,40,2,1
270,2024,42,1,14,,2,0
271,2024,37,1,,,3,0
272,2024,19,2,10,51,3,0
273,2024,37,2,17,45,2,0
274,2024,70,2,18,50,2,1
275,2024,50,2,12,,2,3
276,2024,39,2,10,,1,3
277,2024,66,2,2,40,1,2
278,2024,46,2,10,,2,4
279,2024,41,2,6,36,2,3
280,2024,48,1,18,60,2,7
281,2024,82,2,15,,3,2
282,2024,68,2,14,,2,2
283,2024,69,2,18,,3,0
284,2024,89,2,16,3,1,2
285,2024,62,1,16,60,2,2
286,2024,82,2,18,,3,2
287,2024,60,1,16,,2,1
288,2024,18,2,13,,1,0
289,2024,64,1,18,,,0
290,2024,79,1,20,,2,6
291,2024,60,2,18,45,2,0
292,2024,38,1,18,40,2,0
293,2024,39,1,16,40,2,1
294,2024,,2,14,40,2,0
295,2024,35,2,15,,2,0
296,2024,61,1,16,55,2,3
297,2024,36,1,16,39,3,0
298,2024,22,2,16,,2,0
299,2024,33,2,12,25,2,2
300,2024,47,1,17,50,2,0
301,2024,60,1,15,70,1,3
302,2024,54,1,16,40,3,0
303,2024,63,1,17,10,2,0
304,2024,54,2,16,40,2,2
305,2024,65,2,16,40,2,1
306,2024,51,1,14,35,2,0
307,2024,69,,4,,3,
308,2024,36,1,15,,3,0
309,2024,,2,16,45,3,0
310,2024,27,2,13,50,3,0
311,2024,61,1,16,,3,0
312,2024,31,1,16,,2,0
313,2024,35,2,12,,3,3
314,2024,50,2,16,40,2,3
315,2024,66,1,15,,2,0
316,2024,31,1,12,40,2,1
317,2024,29,2,12,20,2,0
318,2024,35,2,13,,2,1
319,2024,27,2,15,50,2,0
320,2024,33,1,16,40,2,0
321,2024,69,2,12,,2,2
322,2024,36,1,14,50,3,0
323,2024,38,1,12,70,3,1
324,2024,50,2,12,39,2,1
325,2024,33,2,16,40,3,0
326,2024,39,2,16,42,3,0
327,2024,69,2,18,40,2,0
328,2024,,2,18,40,3,1
329,2024,32,2,12,,3,5
330,2024,57,1,12,,3,3
331,2024,40,1,12,,2,2
332,2024,27,2,12,16,3,0
333,2024,54,1,12,50,2,2
334,2024,44,2,18,40,3,1
335,2024,32,2,12,40,1,2
336,2024,70,2,18,40,3,0
337,2024,73,2,15,,2,4
338,2024,32,1,14,40,2,1
339,2024,61,1,16,40,1,8
340,2024,,2,12,,1,2
341,2024,67,2,12,40,2,0
342,2024,55,1,12,40,3,1
343,2024,33,1,16,45,2,0
344,2024,,2,19,32,2,3
345,2024,31,2,0,40,1,2
346,2024,31,1,12,40,3,0
347,2024,38,1,20,40,3,1
348,2024,38,2,15,30,1,2
349,2024,67,1,12,35,2,2
350,2024,31,2,20,40,2,2
351,2024,39,1,16,40,2,2
352,2024,38,2,16,40,2,3
353,2024,81,1,9,,2,3
354,2024,47,2,15,40,2,1
355,2024,55,2,20,25,2,1
356,2024,66,2,18,,1,2
357,2024,44,2,18,12,2,3
358,2024,18,2,11,,2,0
359,2024,71,1,16,,2,3
360,2024,54,1,16,67,1,2
361,2024,19,1,14,30,3,0
362,2024,58,2,13,37,2,0
363,2024,58,2,12,40,3,3
364,2024,71,2,12,,3,2
365,2024,60,1,16,60,2,2
366,2024,69,1,17,,1,1
367,2024,55,2,15,50,2,2
368,2024,89,2,12,,3,4
369,2024,42,1,16,40,2,4
370,2024,50,1,12,,2,0
371,2024,32,2,16,60,1,0
372,2024,69,1,13,,2,3
373,2024,28,1,12,40,2,0
374,2024,58,1,16,60,1,0
375,2024,76,2,14,,1,0
376,2024,,2,14,25,3,2
377,2024,60,2,14,39,3,3
378,2024,26,1,16,40,2,0
379,2024,47,2,12,43,2,2
380,2024,52,2,14,40,2,0
381,2024,46,2,12,80,2,6
382,2024,80,2,13,,2,0
383,2024,45,1,14,28,2,0
384,2024,35,1,13,40,1,0
385,2024,35,1,16,30,2,0
386,2024,66,1,13,40,1,3
387,2024,46,2,16,80,3,6
388,2024,78,2,11,,1,1
389,2024,74,2,12,,1,5
390,2024,51,1,12,,3,3
391,2024,59,1,12,,3,0
392,2024,36,2,13,,3,4
393,2024,52,2,17,40,2,0
394,2024,63,2,16,,1,3
395,2024,78,1,14,,2,0
396,2024,42,2,13,,1,0
397,2024,77,1,19,,2,1
398,2024,39,2,13,36,1,2
399,2024,83,2,9,,2,5
400,2024,60,1,16,,3,0
401,2024,26,1,16,40,2,0
402,2024,45,1,16,27,2,0
403,2024,23,2,14,40,3,0
404,2024,56,2,12,,1,0
405,2024,54,2,20,14,2,0
406,2024,85,2,8,,3,8
407,2024,,2,17,,1,1
408,2024,69,2,16,,1,1
409,2024,30,1,17,40,1,0
410,2024,37,1,19,5,1,1
411,2024,37,2,16,50,2,2
412,2024,30,2,16,40,2,0
413,2024,26,1,16,40,2,0
414,2024,71,1,18,,1,0
415,2024,60,1,14,40,2,0
416,2024,74,1,16,,1,3
417,2024,61,1,12,,3,
418,2024,43,2,17,24,2,3
419,2024,59,1,16,50,2,5
420,2024,53,2,16,,2,0
421,2024,49,2,12,,3,5
422,2024,40,2,16,40,2,1
423,2024,39,1,17,55,2,3
424,2024,60,2,12,,2,3
425,2024,77,1,12,,3,0
426,2024,67,1,13,,3,3
427,2024,45,1,17,40,1,4
428,2024,47,1,12,40,2,2
429,2024,43,1,9,70,3,2
430,2024,46,2,17,9,2,2
431,2024,53,2,14,,2,3
432,2024,65,2,16,65,2,0
433,2024,58,2,13,,2,2
434,2024,47,1,16,50,2,4
435,2024,45,1,14,50,2,2
436,2024,67,1,17,,2,2
437,2024,37,2,13,36,1,2
438,2024,60,1,17,,2,4
439,2024,74,2,16,,2,1
440,2024,70,2,12,,1,3
441,2024,66,2,16,40,2,0
442,2024,65,2,14,,2,0
443,2024,47,2,18,40,2,5
444,2024,32,1,14,40,2,0
445,2024,49,2,13,40,2,3
446,2024,58,2,18,32,3,0
447,2024,66,2,16,,2,6
448,2024,52,2,19,40,2,2
449,2024,34,2,15,45,2,0
450,2024,46,1,20,60,2,2
451,2024,59,2,17,32,1,2
452,2024,66,2,12,40,2,0
453,2024,35,1,16,40,2,0
454,2024,23,1,16,40,2,0
455,2024,22,2,16,,2,0
456,2024,25,1,16,40,2,0
457,2024,32,1,18,,2,0
458,2024,55,2,20,52,3,1
459,2024,45,1,17,49,2,0
460,2024,59,2,18,40,2,3
461,2024,52,1,16,,2,5
462,2024,33,1,17,40,2,1
463,2024,20,1,10,40,2,0
464,2024,28,1,17,40,2,0
465,2024,43,2,0,,2,4
466,2024,42,1,20,20,3,0
467,2024,66,2,16,,2,2
468,2024,52,2,16,,2,2
469,2024,49,1,16,70,3,1
470,2024,40,1,18,40,3,0
471,2024,53,2,19,40,2,0
472,2024,31,2,16,,1,0
473,2024,36,1,12,54,2,1
474,2024,20,2,12,37,2,0
475,2024,34,1,14,40,2,0
476,2024,58,1,16,40,2,5
477,2024,,2,12,13,3,1
478,2024,68,1,20,40,2,3
479,2024,36,1,15,70,2,2
480,2024,29,2,16,40,2,0
481,2024,35,1,16,40,2,2
482,2024,61,1,12,40,3,1
483,2024,89,2,17,,2,1
484,2024,47,1,16,40,1,3
485,2024,23,1,12,40,1,0
486,2024,38,2,17,,2,2
487,2024,,1,16,40,2,
488,2024,41,1,16,50,2,0
489,2024,30,2,16,40,3,0
490,2024,34,2,18,10,2,2
491,2024,55,2,18,36,1,1
492,2024,53,1,12,,3,2
493,2024,36,1,14,,1,0
494,2024,67,2,16,10,2,2
495,2024,25,2,12,40,3,0
496,2024,66,1,17,40,1,2
497,2024,45,2,18,40,1,0
498,2024,19,1,12,,3,0
499,2024,55,2,14,40,1,2
500,2024,44,2,16,40,2,3
501,2024,32,2,11,,2,2
502,2024,74,1,16,,3,1
503,2024,30,2,10,,1,5
504,2024,43,2,13,25,2,1
505,2024,66,2,13,,1,0
506,2024,27,1,13,40,2,0
507,2024,68,2,13,,3,3
508,2024,26,2,15,,3,2
509,2024,,1,13,,2,0
510,2024,50,1,16,45,2,1
511,2024,59,1,12,4,,
512,2024,,1,18,50,1,
513,2024,49,2,16,40,1,0
514,2024,67,1,16,,2,1
515,2024,52,1,13,,1,2
516,2024,33,2,16,40,3,0
517,2024,71,1,16,,2,0
518,2024,47,1,20,30,2,3
519,2024,41,2,16,40,2,1
520,2024,33,1,16,40,3,1
521,2024,33,2,18,45,2,0
522,2024,,1,18,40,2,3
523,2024,,2,,40,,1
524,2024,42,1,17,40,2,0
525,2024,40,1,12,80,1,2
526,2024,,1,20,40,1,1
527,2024,60,2,16,45,2,1
528,2024,56,1,16,40,2,1
529,2024,53,2,14,40,2,2
530,2024,52,2,12,40,2,3
531,2024,75,1,12,,1,4
532,2024,32,1,17,40,2,0
533,2024,44,2,16,9,2,1
534,2024,33,2,15,45,2,0
535,2024,37,2,12,,2,0
536,2024,24,1,16,37,3,0
537,2024,,2,12,,2,2
538,2024,30,2,16,50,2,0
539,2024,63,1,13,,1,1
540,2024,42,1,16,45,2,2
541,2024,28,1,16,40,1,0
542,2024,37,2,16,40,1,2
543,2024,47,1,18,40,2,1
544,2024,,1,19,55,2,1
545,2024,60,2,16,,2,0
546,2024,36,2,16,40,2,2
547,2024,29,2,16,45,1,1
548,2024,43,1,19,40,2,4
549,2024,56,1,16,,2,1
550,2024,66,2,14,,2,4
551,2024,66,2,12,,2,4
552,2024,,1,16,40,2,1
553,2024,59,2,16,35,2,0
554,2024,42,1,16,,2,0
555,2024,45,2,16,30,2,1
556,2024,77,2,16,,2,2
557,2024,67,1,16,50,1,2
558,2024,64,1,16,,3,0
559,2024,70,2,17,,2,2
560,2024,26,1,14,40,3,0
561,2024,62,1,16,,2,0
562,2024,55,2,16,20,2,1
563,2024,41,1,12,40,1,1
564,2024,74,2,17,,2,1
565,2024,59,2,16,,1,1
566,2024,21,2,13,40,2,1
567,2024,25,2,13,,2,2
568,2024,39,2,12,,2,6
569,2024,18,1,12,,2,0
570,2024,30,2,7,,2,4
571,2024,58,2,9,,3,2
572,2024,21,1,12,20,2,0
573,2024,41,2,16,40,1,2
574,2024,38,2,13,10,1,2
575,2024,52,1,17,59,2,0
576,2024,33,2,14,89,3,2
577,2024,64,2,12,,2,1
578,2024,42,2,15,24,2,3
579,2024,61,2,12,,3,3
580,2024,39,1,13,40,2,1
581,2024,49,2,13,45,2,1
582,2024,24,1,12,,3,0
583,2024,59,1,9,,3,1
584,2024,37,2,13,16,2,2
585,2024,45,2,16,55,2,2
586,2024,42,1,14,40,2,1
587,2024,64,2,5,,3,3
588,2024,76,1,14,,1,2
589,2024,32,2,13,26,,0
590,2024,45,2,14,,1,2
591,2024,32,2,12,,2,3
592,2024,43,2,12,,2,3
593,2024,42,2,9,37,2,2
594,2024,59,1,16,39,3,0
595,2024,77,1,8,,2,6
596,2024,74,2,10,,,0
597,2024,68,1,16,,2,3
598,2024,68,2,10,,2,4
599,2024,64,1,20,,2,3
600,2024,73,2,9,,3,3
601,2024,56,1,11,,2,0
602,2024,42,2,14,,3,3
603,2024,56,2,14,,3,0
604,2024,53,1,12,60,1,1
605,2024,65,1,16,30,3,3
606,2024,74,2,8,,2,2
607,2024,28,1,16,40,1,1
608,2024,35,1,14,50,2,0
609,2024,54,2,14,45,1,3
610,2024,78,2,10,,2,4
611,2024,31,1,14,50,2,0
612,2024,36,2,12,40,2,3
613,2024,65,2,15,48,1,0
614,2024,36,1,16,,2,0
615,2024,64,1,18,72,2,1
616,2024,67,1,12,,1,2
617,2024,33,2,16,40,2,0
618,2024,69,1,13,,2,0
619,2024,24,2,16,40,2,0
620,2024,64,1,16,25,2,2
621,2024,60,1,14,30,2,3
622,2024,74,1,16,,2,2
623,2024,74,1,17,,2,3
624,2024,49,2,16,,2,4
625,2024,64,2,16,40,2,1
626,2024,30,2,12,40,2,0
627,2024,,2,20,,2,0
628,2024,43,1,12,,2,1
629,2024,27,1,16,,3,0
630,2024,86,2,16,16,2,0
631,2024,31,1,16,40,3,0
632,2024,41,2,16,60,2,2
633,2024,30,2,19,40,2,1
634,2024,73,1,18,,2,2
635,2024,55,2,13,32,2,3
636,2024,26,2,16,42,3,0
637,2024,64,2,18,19,3,1
638,2024,47,2,18,40,1,3
639,2024,71,2,13,,1,3
640,2024,39,2,16,45,2,1
641,2024,55,1,12,48,2,2
642,2024,65,2,18,,1,3
643,2024,80,1,14,,2,3
644,2024,39,2,17,16,3,0
645,2024,49,2,16,6,2,3
646,2024,44,2,16,40,1,2
647,2024,33,2,10,,1,4
648,2024,,2,,,2,3
649,2024,46,2,12,40,2,2
650,2024,37,2,12,40,2,3
651,2024,24,2,12,,2,4
652,2024,49,2,12,35,1,3
653,2024,75,1,2,,1,6
654,2024,,1,12,35,2,0
655,2024,36,2,16,45,3,2
656,2024,56,2,14,40,2,0
657,2024,60,2,16,24,2,3
658,2024,53,2,16,32,2,2
659,2024,36,1,18,40,2,1
660,2024,53,2,18,40,2,2
661,2024,35,1,18,,3,4
662,2024,66,1,12,,3,1
663,2024,30,2,13,45,2,0
664,2024,50,1,16,,3,2
665,2024,66,2,14,8,1,2
666,2024,42,2,18,40,2,2
667,2024,57,2,18,40,1,1
668,2024,59,2,16,20,1,0
669,2024,58,1,12,45,2,1
670,2024,54,2,18,,2,3
671,2024,60,1,16,,2,2
672,2024,56,2,15,38,2,3
673,2024,46,2,15,40,1,2
674,2024,,1,,,3,2
675,2024,75,2,14,,2,4
676,2024,67,1,16,,2,2
677,2024,40,2,20,,2,2
678,2024,39,2,13,,2,4
679,2024,58,2,16,40,2,1
680,2024,72,2,12,,2,5
681,2024,44,2,16,40,3,1
682,2024,39,1,16,30,3,0
683,2024,41,1,17,,1,0
684,2024,32,1,10,,3,
685,2024,30,1,16,40,2,0
686,2024,25,1,14,36,1,0
687,2024,30,2,10,,2,0
688,2024,34,1,14,40,3,2
689,2024,,1,17,40,2,0
690,2024,37,1,18,40,2,0
691,2024,24,2,16,40,1,0
692,2024,25,2,13,40,2,0
693,2024,70,2,14,,2,2
694,2024,37,1,12,32,2,3
695,2024,24,1,14,,3,0
696,2024,43,1,10,42,2,1
697,2024,33,2,18,70,2,0
698,2024,64,1,12,,2,3
699,2024,72,2,15,,2,0
700,2024,,2,12,,2,1
701,2024,32,2,17,,2,2
702,2024,51,1,11,40,3,6
703,2024,38,2,15,45,2,0
704,2024,23,2,12,40,2,0
705,2024,24,,,12,2,1
706,2024,34,1,16,38,2,2
707,2024,37,2,14,,3,0
708,2024,77,2,14,,1,2
709,2024,36,1,18,,2,0
710,2024,44,1,12,40,2,0
711,2024,29,1,13,50,2,0
712,2024,55,1,12,,2,8
713,2024,23,2,15,45,1,1
714,2024,,1,16,,2,0
715,2024,33,2,13,50,2,0
716,2024,37,1,16,25,3,0
717,2024,45,2,14,40,1,0
718,2024,33,2,12,,2,4
719,2024,28,1,13,,3,2
720,2024,57,2,15,40,2,2
721,2024,30,1,13,50,3,0
722,2024,40,2,12,20,2,2
723,2024,23,2,14,50,3,0
724,2024,20,2,14,,2,0
725,2024,49,2,19,40,2,3
726,2024,62,1,15,,3,4
727,2024,45,2,10,40,,4
728,2024,30,2,17,,2,2
729,2024,48,2,15,45,2,3
730,2024,41,2,13,30,2,4
731,2024,81,2,13,,3,2
732,2024,59,2,16,,1,3
733,2024,,2,14,,2,1
734,2024,86,1,10,,2,3
735,2024,24,1,14,60,2,0
736,2024,52,2,16,54,2,3
737,2024,18,2,12,,3,0
738,2024,82,1,16,,,2
739,2024,66,1,16,,1,3
740,2024,81,2,13,,2,4
741,2024,71,1,8,,3,3
742,2024,62,1,11,40,2,3
743,2024,34,2,16,,2,8
744,2024,74,2,18,,3,1
745,2024,22,2,16,12,2,0
746,2024,42,2,16,50,2,2
747,2024,45,2,12,38,2,2
748,2024,42,2,14,20,2,3
749,2024,64,2,18,2,2,5
750,2024,62,2,16,,3,1
751,2024,67,2,18,,,2
752,2024,47,2,16,,1,2
753,2024,55,2,16,40,2,3
754,2024,34,1,16,50,2,0
755,2024,47,2,12,80,3,2
756,2024,55,2,12,,2,3
757,2024,65,1,13,68,3,0
758,2024,33,2,20,,2,3
759,2024,29,1,16,60,2,0
760,2024,47,2,12,60,2,1
761,2024,62,1,12,40,1,0
762,2024,40,1,11,,1,3
763,2024,19,1,13,22,2,0
764,2024,60,2,20,,3,0
765,2024,89,2,12,,2,1
766,2024,55,2,18,40,1,3
767,2024,67,2,14,20,2,0
768,2024,58,2,20,40,2,1
769,2024,44,2,12,30,3,1
770,2024,55,2,14,43,2,1
771,2024,59,1,11,,3,2
772,2024,31,2,12,,3,1
773,2024,21,2,12,34,2,1
774,2024,50,2,12,,3,0
775,2024,42,1,15,30,3,2
776,2024,19,1,13,,3,0
777,2024,41,2,12,,2,2
778,2024,32,2,14,,2,3
779,2024,37,2,16,37,2,3
780,2024,44,2,12,,3,2
781,2024,52,2,13,60,1,5
782,2024,31,1,12,50,2,2
783,2024,,2,16,,2,2
784,2024,23,2,16,41,3,0
785,2024,20,2,14,,2,0
786,2024,63,1,10,,2,0
787,2024,84,1,12,,2,1
788,2024,66,2,18,40,3,0
789,2024,56,1,14,40,2,5
790,2024,51,2,16,40,1,1
791,2024,38,1,18,40,2,0
792,2024,47,1,12,40,1,0
793,2024,32,2,12,,2,3
794,2024,66,1,12,25,3,
795,2024,32,2,16,38,2,0
796,2024,31,1,12,40,2,0
797,2024,69,1,14,4,2,3
798,2024,57,1,11,,2,1
799,2024,30,2,16,30,2,0
800,2024,72,1,17,10,3,2
801,2024,60,2,12,,3,2
802,2024,69,2,18,,2,2
803,2024,45,2,17,50,1,2
804,2024,67,2,18,,2,1
805,2024,34,2,16,50,2,1
806,2024,78,2,14,,3,2
807,2024,37,1,14,,3,4
808,2024,70,2,0,,1,5
809,2024,32,2,13,50,2,3
810,2024,37,1,13,52,2,1
811,2024,61,1,18,60,1,6
812,2024,51,2,12,,2,4
813,2024,65,1,3,25,2,4
814,2024,,2,16,40,2,0
815,2024,64,1,16,,3,3
816,2024,59,2,12,,2,7
817,2024,22,2,12,,2,0
818,2024,19,2,12,23,3,0
819,2024,55,1,13,70,2,3
820,2024,18,2,12,,3,0
821,2024,41,2,16,40,1,0
822,2024,58,2,16,50,1,0
823,2024,79,1,13,,1,1
824,2024,21,2,9,,1,0
825,2024,76,1,9,,2,2
826,2024,32,1,12,62,2,0
827,2024,29,2,13,,3,0
828,2024,28,2,13,33,3,0
829,2024,26,2,15,40,1,0
830,2024,59,2,3,,2,3
831,2024,18,2,14,,2,0
832,2024,52,2,12,60,1,3
833,2024,28,2,15,,1,2
834,2024,50,2,10,60,2,1
835,2024,42,2,17,,2,4
836,2024,54,2,12,41,2,3
837,2024,64,1,12,,2,3
838,2024,20,1,14,45,3,0
839,2024,20,1,13,,3,0
840,2024,60,2,14,20,3,2
841,2024,45,1,12,20,3,2
842,2024,61,2,13,48,2,3
843,2024,22,2,14,35,2,0
844,2024,39,1,14,42,1,6
845,2024,77,1,20,,2,4
846,2024,32,2,17,50,2,0
847,2024,35,1,12,35,3,1
848,2024,66,2,16,,3,0
849,2024,36,2,13,,1,2
850,2024,54,2,20,30,1,4
851,2024,48,1,13,52,1,3
852,2024,40,1,16,50,2,0
853,2024,46,2,12,,2,3
854,2024,59,2,12,40,3,2
855,2024,24,1,12,40,2,0
856,2024,70,2,6,,3,3
857,2024,27,1,18,55,2,0
858,2024,55,2,16,40,2,2
859,2024,69,2,12,5,1,2
860,2024,77,1,20,,2,4
861,2024,41,1,20,89,3,1
862,2024,83,1,16,,2,2
863,2024,49,2,17,,2,2
864,2024,71,2,18,,1,2
865,2024,24,1,14,60,2,2
866,2024,45,1,16,,3,5
867,2024,74,1,17,,1,1
868,2024,43,2,16,,1,3
869,2024,30,1,12,30,3,0
870,2024,19,2,12,40,2,0
871,2024,61,2,12,15,2,0
872,2024,76,2,14,,1,2
873,2024,,2,19,,2,2
874,2024,44,1,12,35,2,2
875,2024,26,2,16,40,2,0
876,2024,37,2,20,40,1,0
877,2024,26,2,18,0,1,0
878,2024,28,1,16,,2,0
879,2024,25,2,12,40,2,0
880,2024,25,1,12,40,2,0
881,2024,26,1,16,,2,0
882,2024,27,2,12,,1,2
883,2024,36,2,17,,3,0
884,2024,26,2,15,,3,0
885,2024,51,2,18,40,2,1
886,2024,34,2,18,40,2,0
887,2024,31,1,17,46,2,0
888,2024,54,2,14,30,3,2
889,2024,63,1,16,23,2,0
890,2024,36,2,12,40,2,2
891,2024,33,1,13,40,3,3
892,2024,74,1,0,,3,3
893,2024,24,2,16,40,2,1
894,2024,67,2,13,,1,2
895,2024,79,1,18,,1,0
896,2024,77,2,13,,1,4
897,2024,30,2,13,,2,4
898,2024,71,2,14,,2,2
899,2024,75,1,17,,3,0
900,2024,65,2,14,,2,1
901,2024,20,2,9,,3,1
902,2024,35,1,13,70,2,2
903,2024,49,2,18,40,1,0
904,2024,69,2,15,,2,2
905,2024,35,1,16,40,2,0
906,2024,69,1,17,40,2,1
907,2024,36,2,20,38,2,4
908,2024,71,1,12,,1,2
909,2024,42,2,18,50,2,0
910,2024,37,1,12,40,3,1
911,2024,53,2,15,,1,2
912,2024,47,1,19,40,1,2
913,2024,29,1,14,55,2,2
914,2024,25,1,13,42,3,0
915,2024,38,2,15,,2,2
916,2024,46,2,17,,2,3
917,2024,26,1,15,13,2,0
918,2024,33,2,20,,2,1
919,2024,64,1,16,45,1,2
920,2024,20,2,14,15,2,0
921,2024,65,2,18,40,1,3
922,2024,45,1,18,40,2,0
923,2024,29,1,14,40,2,0
924,2024,39,1,14,32,1,0
925,2024,70,2,20,,2,1
926,2024,79,1,16,,1,2
927,2024,32,2,17,44,1,1
928,2024,77,2,18,48,2,0
929,2024,69,1,20,,3,2
930,2024,66,1,16,,1,2
931,2024,62,1,12,40,2,2
932,2024,26,1,16,,3,0
933,2024,40,2,13,40,2,5
934,2024,81,1,12,,2,4
935,2024,,2,14,80,1,1
936,2024,36,2,20,,3,1
937,2024,62,2,14,40,2,1
938,2024,20,2,14,18,2,0
939,2024,20,1,15,,2,0
940,2024,23,2,19,,1,0
941,2024,19,2,14,,2,0
942,2024,28,1,18,20,2,0
943,2024,69,2,16,15,3,0
944,2024,25,2,16,,3,0
945,2024,36,1,16,40,1,
946,2024,76,2,14,,2,2
947,2024,71,1,18,55,1,2
948,2024,71,1,12,,2,2
949,2024,66,2,12,,2,4
950,2024,19,1,14,,2,0
951,2024,37,2,16,20,1,4
952,2024,50,2,20,40,2,0
953,2024,36,1,16,40,1,0
954,2024,65,1,12,40,2,2
955,2024,63,1,16,50,2,2
956,2024,61,1,18,40,2,0
957,2024,55,2,12,,2,6
958,2024,24,2,11,42,2,0
959,2024,54,2,16,,3,0
960,2024,41,1,20,40,1,0
961,2024,25,2,14,40,2,0
962,2024,82,1,16,,2,3
963,2024,37,2,18,40,2,0
964,2024,65,1,12,,2,0
965,2024,56,1,14,40,2,0
966,2024,72,1,13,5,2,0
967,2024,74,1,20,,1,0
968,2024,55,2,18,50,3,2
969,2024,55,1,18,,2,2
970,2024,53,2,13,35,2,1
971,2024,68,2,16,,3,2
972,2024,48,2,13,40,1,2
973,2024,66,2,14,,1,2
974,2024,37,2,13,60,,0
975,2024,18,2,12,36,2,0
976,2024,53,1,18,45,2,1
977,2024,20,2,12,,3,0
978,2024,36,2,17,,3,1
979,2024,61,1,12,,2,5
980,2024,69,1,12,,2,3
981,2024,89,2,16,,2,3
982,2024,89,1,10,,3,4
983,2024,82,2,12,,3,4
984,2024,80,2,16,,2,2
985,2024,70,2,18,,2,2
986,2024,40,2,16,12,2,1
987,2024,35,1,12,40,1,0
988,2024,39,1,12,45,2,0
989,2024,64,1,13,6,1,4
990,2024,75,2,20,28,3,0
991,2024,69,2,17,,2,0
992,2024,31,1,16,40,1,0
993,2024,36,2,16,50,2,0
994,2024,36,1,12,40,3,0
995,2024,33,2,20,40,1,0
996,2024,43,2,18,35,2,0
997,2024,22,2,16,20,3,0
998,2024,,,12,,1,2
999,2024,78,1,14,,2,0
1000,2024,46,1,18,43,2,0
1001,2024,80,1,16,40,2,2
1002,2024,65,2,18,6,2,0
1003,2024,65,2,14,,2,4
1004,2024,67,2,16,,2,3
1005,2024,46,1,14,30,2,0
1006,2024,33,1,15,40,3,0
1007,2024,46,1,16,53,1,2
1008,2024,51,2,16,45,2,3
1009,2024,49,2,13,50,3,4
1010,2024,59,2,12,,3,2
1011,2024,48,2,9,,2,4
1012,2024,57,2,12,40,3,5
1013,2024,74,1,14,,2,0
1014,2024,43,1,14,40,2,2
1015,2024,50,1,13,75,1,6
1016,2024,52,1,14,30,2,5
1017,2024,28,1,16,40,1,1
1018,2024,26,1,16,,2,0
1019,2024,34,1,14,20,2,0
1020,2024,48,2,17,,2,5
1021,2024,64,1,14,22,2,1
1022,2024,35,1,14,45,2,0
1023,2024,22,2,16,,3,0
1024,2024,31,2,16,,3,0
1025,2024,56,1,11,40,3,1
1026,2024,22,1,16,12,2,0
1027,2024,65,1,12,60,3,2
1028,2024,37,1,14,40,2,2
1029,2024,81,2,14,,2,3
1030,2024,38,2,13,30,2,2
1031,2024,66,1,20,40,3,0
1032,2024,41,2,20,50,2,1
1033,2024,49,2,17,,1,0
1034,2024,76,2,18,,2,1
1035,2024,28,2,17,40,1,0
1036,2024,37,2,18,40,2,1
1037,2024,46,2,12,40,2,3
1038,2024,85,2,14,,2,2
1039,2024,25,1,16,47,2,0
1040,2024,67,2,17,,3,1
1041,2024,52,1,12,,2,2
1042,2024,58,2,11,,3,5
1043,2024,67,2,15,,2,7
1044,2024,60,2,16,50,1,1
1045,2024,26,2,12,,2,3
1046,2024,45,1,12,40,3,3
1047,2024,43,1,17,40,3,1
1048,2024,53,1,18,,2,0
1049,2024,26,1,7,40,3,0
1050,2024,69,2,12,,3,1
1051,2024,63,2,16,,2,0
1052,2024,32,2,14,40,2,1
1053,2024,67,1,18,,2,0
1054,2024,53,2,12,,2,0
1055,2024,76,2,13,,2,1
1056,2024,46,1,9,,2,0
1057,2024,47,1,14,40,2,0
1058,2024,29,1,16,,2,0
1059,2024,22,2,18,,2,0
1060,2024,19,2,14,36,2,0
1061,2024,36,1,19,40,2,0
1062,2024,,1,16,,3,
1063,2024,33,2,13,,3,3
1064,2024,21,1,16,35,1,0
1065,2024,,2,12,40,1,3
1066,2024,38,1,18,40,2,0
1067,2024,65,2,16,,2,0
1068,2024,19,1,12,,2,0
1069,2024,33,1,16,40,3,0
1070,2024,37,1,20,40,2,0
1071,2024,75,1,16,,2,0
1072,2024,73,2,14,,2,1
1073,2024,54,1,12,40,1,0
1074,2024,68,2,13,,1,1
1075,2024,19,1,13,30,2,0
1076,2024,37,1,16,,2,2
1077,2024,36,2,9,,2,4
1078,2024,67,2,9,,3,4
1079,2024,58,1,14,36,1,2
1080,2024,88,2,12,,3,3
1081,2024,46,2,14,40,2,2
1082,2024,35,1,18,80,2,0
1083,2024,46,2,14,40,2,2
1084,2024,61,2,16,,1,0
1085,2024,43,2,12,13,2,7
1086,2024,62,2,13,4,2,4
1087,2024,49,2,16,40,2,2
1088,2024,20,1,12,,3,0
1089,2024,,1,12,40,2,0
1090,2024,27,1,17,40,3,0
1091,2024,46,2,18,40,2,2
1092,2024,25,1,10,,2,0
1093,2024,63,2,16,12,2,0
1094,2024,60,1,16,40,1,2
1095,2024,74,1,16,,2,0
1096,2024,50,1,8,20,3,8
1097,2024,18,2,14,,2,0
1098,2024,42,2,14,20,3,1
1099,2024,49,1,20,60,3,1
1100,2024,30,2,17,40,2,0
1101,2024,44,1,12,40,2,0
1102,2024,59,1,16,25,2,0
1103,2024,41,2,15,,3,2
1104,2024,48,2,15,40,1,0
1105,2024,46,1,16,40,2,2
1106,2024,43,1,13,89,2,2
1107,2024,26,1,12,35,2,0
1108,2024,65,1,12,,2,0
1109,2024,77,1,15,,3,0
1110,2024,59,2,12,,2,0
1111,2024,54,1,0,,3,0
1112,2024,54,2,0,,1,0
1113,2024,63,1,13,20,1,4
1114,2024,61,1,13,,2,1
1115,2024,46,2,16,38,1,3
1116,2024,,2,16,20,2,0
1117,2024,31,2,16,,3,2
1118,2024,36,1,14,52,2,0
1119,2024,42,2,16,40,2,2
1120,2024,,1,20,,2,0
1121,2024,29,1,13,40,2,2
1122,2024,29,2,13,,2,4
1123,2024,38,2,16,,2,2
1124,2024,47,2,16,40,2,1
1125,2024,74,2,12,,2,3
1126,2024,41,1,14,40,3,0
1127,2024,48,1,14,,2,0
1128,2024,48,2,15,50,2,1
1129,2024,48,2,18,40,2,0
1130,2024,62,1,16,,2,0
1131,2024,32,2,14,40,2,2
1132,2024,29,1,15,40,2,0
1133,2024,21,1,14,40,2,0
1134,2024,33,1,16,45,2,0
1135,2024,59,2,14,6,1,0
1136,2024,36,1,14,60,1,3
1137,2024,73,1,18,,1,4
1138,2024,47,1,20,50,3,0
1139,2024,42,2,16,40,2,2
1140,2024,61,2,20,50,2,0
1141,2024,52,1,12,78,2,0
1142,2024,28,1,8,40,1,1
1143,2024,30,1,12,,3,2
1144,2024,31,2,14,40,2,0
1145,2024,68,1,16,,3,0
1146,2024,67,2,13,20,3,2
1147,2024,74,1,16,,3,2
1148,2024,,2,16,,2,2
1149,2024,51,2,14,,2,1
1150,2024,34,2,14,,2,0
1151,2024,36,1,15,32,2,2
1152,2024,32,2,17,50,3,0
1153,2024,63,2,15,,2,1
1154,2024,31,1,15,8,2,0
1155,2024,42,2,20,60,1,0
1156,2024,34,2,,40,3,5
1157,2024,27,2,8,49,3,0
1158,2024,73,1,13,20,2,1
1159,2024,46,2,14,,2,8
1160,2024,,2,,,2,2
1161,2024,44,1,14,,2,1
1162,2024,40,2,16,,3,3
1163,2024,34,2,17,50,1,0
1164,2024,32,2,13,40,2,0
1165,2024,25,1,15,,3,0
1166,2024,50,2,16,,2,0
1167,2024,58,2,16,50,2,1
1168,2024,24,2,18,23,2,0
1169,2024,59,2,16,15,3,2
1170,2024,36,2,18,40,2,0
1171,2024,22,1,12,38,2,0
1172,2024,71,2,17,,3,5
1173,2024,53,1,15,60,2,2
1174,2024,36,2,14,40,3,1
1175,2024,18,1,12,,3,0
1176,2024,46,2,13,40,1,1
1177,2024,19,2,14,,2,0
1178,2024,33,1,15,40,3,0
1179,2024,49,2,13,50,3,3
1180,2024,66,1,20,,2,1
1181,2024,64,1,12,48,1,0
1182,2024,38,2,16,35,2,2
1183,2024,41,1,20,65,2,2
1184,2024,37,2,14,40,3,4
1185,2024,42,1,18,60,1,2
1186,2024,83,1,12,,2,4
1187,2024,,,16,40,1,0
1188,2024,66,1,14,60,3,2
1189,2024,55,2,19,50,2,4
1190,2024,39,1,17,40,1,0
1191,2024,60,2,18,35,1,4
1192,2024,63,2,12,42,2,0
1193,2024,56,2,16,,1,2
1194,2024,38,2,14,40,2,1
1195,2024,53,1,19,40,3,2
1196,2024,60,1,16,40,1,3
1197,2024,36,2,16,32,2,3
1198,2024,53,1,13,40,2,3
1199,2024,56,1,16,55,1,2
1200,2024,65,1,16,50,1,2
1201,2024,24,1,16,40,2,0
1202,2024,42,2,18,40,1,2
1203,2024,36,1,16,40,2,3
1204,2024,51,1,12,45,2,1
1205,2024,53,1,15,40,2,2
1206,2024,51,1,15,40,2,2
1207,2024,,1,16,65,3,3
1208,2024,44,2,14,50,2,0
1209,2024,38,2,16,40,2,2
1210,2024,18,2,12,25,2,0
1211,2024,41,2,16,25,2,2
1212,2024,34,1,13,,3,0
1213,2024,21,1,11,,2,0
1214,2024,31,2,16,40,2,0
1215,2024,27,1,16,40,2,0
1216,2024,73,2,16,,2,0
1217,2024,35,2,18,,1,0
1218,2024,31,1,16,40,1,0
1219,2024,55,2,16,40,2,0
1220,2024,39,1,10,50,2,0
1221,2024,70,1,12,45,2,6
1222,2024,33,2,16,40,2,0
1223,2024,43,2,18,55,1,3
1224,2024,73,1,14,,2,4
1225,2024,58,1,17,55,2,6
1226,2024,69,2,12,,2,2
1227,2024,76,1,20,,2,2
1228,2024,58,2,14,35,1,2
1229,2024,64,2,12,,1,3
1230,2024,69,2,12,,2,2
1231,2024,68,2,14,,1,2
1232,2024,18,1,11,,1,0
1233,2024,85,1,13,30,2,4
1234,2024,74,2,16,,3,0
1235,2024,38,1,20,40,2,1
1236,2024,85,1,12,6,2,4
1237,2024,40,1,20,8,3,3
1238,2024,31,2,16,40,1,1
1239,2024,71,2,16,,1,0
1240,2024,33,1,17,32,2,2
1241,2024,55,2,16,0,2,2
1242,2024,60,1,20,,2,0
1243,2024,44,2,19,,1,2
1244,2024,51,2,16,40,2,2
1245,2024,70,1,18,,3,3
1246,2024,39,1,16,,1,1
1247,2024,42,1,18,50,2,2
1248,2024,51,2,16,20,2,5
1249,2024,33,1,16,50,3,2
1250,2024,45,2,14,50,2,3
1251,2024,73,1,17,25,3,2
1252,2024,40,2,16,,3,2
1253,2024,19,1,12,,2,0
1254,2024,37,2,18,40,1,1
1255,2024,39,2,19,25,1,1
1256,2024,41,1,16,60,2,2
1257,2024,19,2,14,,2,0
1258,2024,36,1,14,40,2,2
1259,2024,36,1,12,40,2,0
1260,2024,69,1,13,,2,1
1261,2024,45,1,12,48,2,3
1262,2024,31,2,16,45,1,0
1263,2024,28,2,17,55,2,0
1264,2024,22,1,16,40,2,0
1265,2024,26,1,16,40,1,0
1266,2024,23,1,16,50,3,0
1267,2024,78,1,16,40,1,3
1268,2024,38,2,15,50,3,0
1269,2024,61,1,12,,3,7
1270,2024,39,1,17,40,2,0
1271,2024,20,1,12,40,2,0
1272,2024,,,,,3,
1273,2024,31,2,12,35,3,2
1274,2024,20,2,8,,1,1
1275,2024,33,2,11,,2,7
1276,2024,39,2,12,,1,4
1277,2024,48,2,18,40,3,0
1278,2024,67,2,19,,2,0
1279,2024,45,1,12,30,2,2
1280,2024,33,2,16,,2,2
1281,2024,32,1,15,40,2,0
1282,2024,31,2,9,,1,4
1283,2024,71,2,4,,1,8
1284,2024,59,2,16,17,2,0
1285,2024,36,1,17,40,3,0
1286,2024,30,2,16,40,1,0
1287,2024,64,2,16,20,2,2
1288,2024,21,1,14,40,2,0
1289,2024,37,2,16,,1,2
1290,2024,44,1,20,40,2,4
1291,2024,,1,13,55,,0
1292,2024,33,2,16,77,2,0
1293,2024,77,2,18,20,2,3
1294,2024,,2,14,,2,2
1295,2024,75,2,17,,2,3
1296,2024,51,1,6,60,2,3
1297,2024,53,2,14,30,1,0
1298,2024,37,1,17,40,2,1
1299,2024,73,1,15,,2,2
1300,2024,31,2,16,,3,2
1301,2024,35,1,17,40,2,3
1302,2024,,1,19,,3,1
1303,2024,,1,16,50,2,
1304,2024,20,2,15,,2,0
1305,2024,44,2,20,32,2,1
1306,2024,30,1,20,,2,0
1307,2024,39,1,15,48,1,2
1308,2024,35,2,16,,1,0
1309,2024,89,1,18,,2,5
1310,2024,46,1,16,40,1,1
1311,2024,72,2,16,,2,2
1312,2024,50,2,12,,1,2
1313,2024,71,2,12,,1,3
1314,2024,85,1,14,,1,1
1315,2024,45,2,16,,2,0
1316,2024,70,2,16,,2,2
1317,2024,82,2,12,,1,2
1318,2024,60,1,16,40,2,0
1319,2024,85,1,16,,2,3
1320,2024,40,2,17,,2,1
1321,2024,44,1,19,55,3,0
1322,2024,36,1,14,,1,4
1323,2024,79,1,12,,3,1
1324,2024,45,1,14,40,1,8
1325,2024,39,2,20,36,2,0
1326,2024,46,2,12,30,1,3
1327,2024,63,2,16,55,2,2
1328,2024,58,2,18,,3,2
1329,2024,68,2,13,,3,1
1330,2024,80,2,17,,2,2
1331,2024,77,2,12,,1,1
1332,2024,32,2,17,,3,0
1333,2024,39,1,18,,1,1
1334,2024,37,2,18,50,1,0
1335,2024,79,1,18,,1,3
1336,2024,83,2,15,,3,4
1337,2024,60,1,14,,2,0
1338,2024,80,2,12,40,2,1
1339,2024,65,2,15,,2,2
1340,2024,42,1,17,50,3,2
1341,2024,89,2,18,,2,0
1342,2024,64,2,16,,2,2
1343,2024,34,1,16,,2,1
1344,2024,67,2,14,40,3,4
1345,2024,76,2,16,,2,0
1346,2024,27,1,12,55,3,0
1347,2024,41,1,14,,2,2
1348,2024,53,1,17,43,2,0
1349,2024,55,1,13,66,2,2
1350,2024,46,2,14,38,1,3
1351,2024,40,1,14,,2,4
1352,2024,47,2,16,60,2,0
1353,2024,36,2,14,20,2,3
1354,2024,35,2,16,,1,3
1355,2024,42,2,16,,,2
1356,2024,72,1,14,50,1,3
1357,2024,45,2,10,,3,4
1358,2024,70,1,16,20,2,1
1359,2024,27,1,14,40,2,0
1360,2024,25,1,15,60,1,0
1361,2024,53,2,18,40,3,4
1362,2024,52,2,19,50,2,2
1363,2024,32,1,16,40,2,1
1364,2024,74,1,12,,1,1
1365,2024,24,1,12,40,3,0
1366,2024,30,1,16,40,2,0
1367,2024,30,1,16,40,3,0
1368,2024,31,1,12,40,3,1
1369,2024,86,1,18,,2,1
1370,2024,89,2,12,,2,2
1371,2024,50,2,18,,3,2
1372,2024,45,2,13,,2,2
1373,2024,42,1,16,40,3,1
1374,2024,58,2,14,45,3,2
1375,2024,41,2,14,40,2,2
1376,2024,33,2,14,,3,1
1377,2024,63,2,12,,3,1
1378,2024,68,1,12,20,2,3
1379,2024,60,1,13,45,2,3
1380,2024,54,1,12,40,3,0
1381,2024,55,2,16,40,2,2
1382,2024,47,2,20,,1,3
1383,2024,75,2,12,,2,4
1384,2024,38,1,15,,3,0
1385,2024,42,2,15,,2,1
1386,2024,39,2,8,,2,5
1387,2024,73,1,14,,1,3
1388,2024,55,1,2,,1,4
1389,2024,48,1,5,60,1,2
1390,2024,37,1,18,40,2,0
1391,2024,59,2,14,40,3,0
1392,2024,80,2,14,,3,2
1393,2024,55,2,12,30,2,2
1394,2024,24,1,12,89,1,0
1395,2024,59,2,14,40,1,1
1396,2024,38,1,12,40,2,1
1397,2024,54,1,16,50,1,3
1398,2024,59,2,12,,1,2
1399,2024,64,1,16,80,2,0
1400,2024,35,1,18,40,2,1
1401,2024,67,1,16,,1,3
1402,2024,60,2,14,50,3,1
1403,2024,35,1,12,48,1,0
1404,2024,43,2,14,5,3,1
1405,2024,49,2,15,,1,5
1406,2024,79,2,14,,3,1
1407,2024,64,2,12,28,2,7
1408,2024,69,2,13,20,1,2
1409,2024,48,2,13,80,3,6
1410,2024,21,1,12,30,1,1
1411,2024,44,2,12,35,3,2
1412,2024,40,2,11,15,3,2
1413,2024,28,2,8,,1,3
1414,2024,41,1,12,40,3,0
1415,2024,78,1,15,,2,8
1416,2024,,2,11,,1,1
1417,2024,89,2,10,,2,3
1418,2024,56,1,15,40,2,6
1419,2024,45,2,16,40,2,1
1420,2024,55,2,6,41,2,4
1421,2024,64,2,14,40,2,0
1422,2024,66,1,7,,2,2
1423,2024,32,2,12,20,2,5
1424,2024,41,1,11,40,2,2
1425,2024,56,2,10,20,3,0
1426,2024,57,1,15,65,2,0
1427,2024,39,2,16,,1,2
1428,2024,64,2,16,30,1,1
1429,2024,18,2,12,,2,0
1430,2024,48,1,16,4,2,0
1431,2024,47,1,12,45,2,2
1432,2024,68,2,16,,3,3
1433,2024,65,1,14,60,,1
1434,2024,28,2,8,,3,0
1435,2024,48,1,8,46,1,3
1436,2024,67,2,14,,2,2
1437,2024,28,2,13,,2,2
1438,2024,66,2,12,,2,0
1439,2024,25,1,12,52,1,0
1440,2024,50,1,12,60,2,2
1441,2024,20,1,12,,2,0
1442,2024,89,2,12,,2,4
1443,2024,60,2,12,,1,2
1444,2024,59,1,15,45,1,3
1445,2024,21,1,11,24,3,0
1446,2024,56,2,17,40,2,1
1447,2024,66,1,16,68,2,1
1448,2024,37,1,18,,2,0
1449,2024,85,1,12,,2,3
1450,2024,68,2,16,,2,2
1451,2024,,2,17,,3,0
1452,2024,61,2,16,50,2,0
1453,2024,37,2,18,40,3,1
1454,2024,69,2,12,8,2,3
1455,2024,74,2,12,,2,4
1456,2024,31,2,10,,,
1457,2024,74,2,12,,2,2
1458,2024,22,2,15,8,3,0
1459,2024,49,2,12,40,2,7
1460,2024,35,2,19,40,2,0
1461,2024,,1,19,,2,2
1462,2024,33,2,16,,1,2
1463,2024,69,2,16,,2,0
1464,2024,75,1,18,,2,3
1465,2024,36,1,20,40,2,1
1466,2024,41,2,12,32,2,1
1467,2024,67,2,16,8,2,5
1468,2024,39,1,14,,3,0
1469,2024,60,1,17,50,2,0
1470,2024,47,2,16,10,2,2
1471,2024,49,2,16,50,2,0
1472,2024,71,1,11,8,2,3
1473,2024,50,1,16,50,2,0
1474,2024,69,2,12,28,2,0
1475,2024,43,1,10,50,1,1
1476,2024,64,2,12,,3,5
1477,2024,72,1,11,55,3,2
1478,2024,74,1,12,,3,5
1479,2024,18,2,12,,2,0
1480,2024,82,2,12,,1,5
1481,2024,45,2,12,,2,6
1482,2024,21,2,12,,3,0
1483,2024,31,1,16,45,1,2
1484,2024,,,,,2,0
1485,2024,70,1,18,40,2,5
1486,2024,39,1,20,40,1,2
1487,2024,80,1,17,,1,5
1488,2024,31,2,11,,2,3
1489,2024,61,1,14,50,2,4
1490,2024,45,2,12,60,2,3
1491,2024,34,1,18,40,2,2
1492,2024,32,2,16,50,1,0
1493,2024,36,2,14,,1,2
1494,2024,32,2,12,40,2,3
1495,2024,36,1,14,50,2,4
1496,2024,48,1,20,40,2,5
1497,2024,65,2,14,,2,0
1498,2024,34,2,15,,2,0
1499,2024,38,2,14,,2,3
1500,2024,34,1,20,,2,3
1501,2024,55,2,18,40,2,1
1502,2024,41,2,15,,2,3
1503,2024,42,1,12,32,3,1
1504,2024,26,2,12,26,3,4
1505,2024,63,2,11,,1,4
1506,2024,52,1,12,40,3,1
1507,2024,45,2,14,,3,1
1508,2024,67,1,16,,3,0
1509,2024,22,2,9,,3,1
1510,2024,26,2,13,23,2,1
1511,2024,56,1,15,30,1,0
1512,2024,65,2,14,,2,1
1513,2024,47,2,12,,2,2
1514,2024,21,2,11,35,2,0
1515,2024,72,1,10,,2,1
1516,2024,,2,20,30,2,1
1517,2024,39,2,15,46,2,0
1518,2024,47,2,20,40,2,0
1519,2024,33,2,16,50,,2
1520,2024,73,1,16,,2,3
1521,2024,38,2,18,40,3,0
1522,2024,50,2,14,40,3,3
1523,2024,76,2,16,,2,2
1524,2024,29,1,6,60,3,0
1525,2024,76,1,16,,3,3
1526,2024,42,1,18,40,3,2
1527,2024,69,2,17,,3,2
1528,2024,66,2,16,,2,2
1529,2024,64,2,14,,1,2
1530,2024,54,2,20,,1,3
1531,2024,61,2,16,,2,2
1532,2024,77,1,18,,2,2
1533,2024,68,1,14,,3,0
1534,2024,66,1,14,,2,3
1535,2024,49,2,15,,2,2
1536,2024,50,2,14,40,2,5
1537,2024,52,1,16,24,2,0
1538,2024,59,2,15,,3,2
1539,2024,32,2,12,,2,3
1540,2024,80,1,7,,,8
1541,2024,39,1,14,,2,3
1542,2024,63,1,12,45,1,2
1543,2024,71,2,15,,2,4
1544,2024,55,2,17,40,1,1
1545,2024,49,1,18,40,2,2
1546,2024,21,2,12,20,3,0
1547,2024,56,1,16,65,2,3
1548,2024,73,1,18,,1,2
1549,2024,74,2,14,,3,1
1550,2024,62,2,13,40,2,2
1551,2024,67,1,12,40,2,2
1552,2024,42,2,18,40,1,0
1553,2024,39,2,20,40,2,2
1554,2024,25,1,13,,1,0
1555,2024,31,1,14,25,2,0
1556,2024,26,2,12,44,1,0
1557,2024,45,2,13,45,2,3
1558,2024,34,,11,,2,5
1559,2024,47,1,15,30,2,3
1560,2024,30,1,12,50,2,0
1561,2024,26,1,12,30,1,2
1562,2024,28,1,17,40,3,0
1563,2024,23,1,13,30,3,0
1564,2024,24,2,13,42,2,0
1565,2024,27,2,15,36,2,3
1566,2024,49,1,17,,1,2
1567,2024,43,1,12,20,2,2
1568,2024,63,1,12,25,2,1
1569,2024,62,2,12,,3,5
1570,2024,44,2,12,15,2,0
1571,2024,27,1,12,65,2,4
1572,2024,43,2,12,40,2,3
1573,2024,22,2,13,,3,0
1574,2024,77,1,14,,3,1
1575,2024,63,1,11,,1,0
1576,2024,77,2,17,,2,0
1577,2024,39,2,12,37,2,2
1578,2024,23,2,13,,1,4
1579,2024,68,1,15,,3,1
1580,2024,36,2,13,50,3,1
1581,2024,87,2,10,,2,7
1582,2024,69,2,14,2,3,2
1583,2024,52,2,16,50,2,2
1584,2024,25,,12,,2,
1585,2024,68,2,18,,3,0
1586,2024,49,1,18,50,2,5
1587,2024,48,2,16,40,2,2
1588,2024,78,2,13,,1,2
1589,2024,18,2,11,,2,0
1590,2024,50,2,16,35,2,2
1591,2024,44,1,14,40,1,2
1592,2024,22,2,17,,2,0
1593,2024,53,2,14,44,2,2
1594,2024,65,2,16,,1,2
1595,2024,45,2,16,50,2,2
1596,2024,75,1,16,12,3,0
1597,2024,56,1,16,55,2,0
1598,2024,36,2,14,,3,0
1599,2024,24,1,15,,3,0
1600,2024,24,1,14,,2,0
1601,2024,49,1,14,40,1,2
1602,2024,46,2,16,40,1,2
1603,2024,43,2,14,38,2,2
1604,2024,69,1,17,,1,4
1605,2024,44,1,14,45,1,3
1606,2024,50,2,12,,1,4
1607,2024,56,1,12,35,2,2
1608,2024,50,1,12,50,2,3
1609,2024,23,2,13,36,2,1
1610,2024,48,2,14,60,2,3
1611,2024,45,2,15,40,3,3
1612,2024,21,2,11,24,3,0
1613,2024,59,1,18,,2,0
1614,2024,40,2,16,50,2,1
1615,2024,57,2,20,45,2,1
1616,2024,79,1,19,30,2,2
1617,2024,28,1,17,20,2,0
1618,2024,,1,16,22,1,0
1619,2024,40,2,15,,1,2
1620,2024,71,2,16,,2,4
1621,2024,18,1,12,,2,0
1622,2024,65,2,16,,2,3
1623,2024,67,1,16,,1,2
1624,2024,39,1,20,50,1,1
1625,2024,43,1,17,36,1,2
1626,2024,40,1,15,,2,7
1627,2024,58,1,14,,1,2
1628,2024,38,1,14,,2,4
1629,2024,40,2,18,40,2,2
1630,2024,20,2,14,,3,0
1631,2024,42,2,19,45,2,2
1632,2024,29,1,13,70,3,1
1633,2024,77,1,15,8,2,2
1634,2024,65,2,12,,2,3
1635,2024,74,1,12,,3,1
1636,2024,69,2,12,,2,2
1637,2024,71,2,10,,1,4
1638,2024,72,1,9,,1,6
1639,2024,45,2,17,50,3,0
1640,2024,53,2,12,41,2,1
1641,2024,21,2,15,31,2,0
1642,2024,48,,,45,3,0
1643,2024,27,1,12,50,1,2
1644,2024,46,2,12,,3,2
1645,2024,46,1,15,,3,4
1646,2024,86,1,12,,3,2
1647,2024,62,1,12,,2,2
1648,2024,51,2,12,,2,1
1649,2024,55,1,12,50,2,8
1650,2024,22,1,12,40,2,0
1651,2024,57,2,12,40,2,2
1652,2024,45,1,12,25,3,2
1653,2024,80,2,11,,2,0
1654,2024,69,1,12,,2,2
1655,2024,52,2,18,40,2,0
1656,2024,30,2,16,40,2,2
1657,2024,51,1,13,,2,0
1658,2024,86,2,12,,1,7
1659,2024,64,1,12,,2,0
1660,2024,29,1,12,40,2,0
1661,2024,48,2,14,36,2,1
1662,2024,45,1,10,60,2,6
1663,2024,46,1,12,45,2,3
1664,2024,77,1,12,,2,3
1665,2024,70,1,13,,2,4
1666,2024,40,2,14,,1,5
1667,2024,60,1,12,,2,0
1668,2024,37,2,20,40,2,0
1669,2024,55,1,18,48,1,1
1670,2024,27,1,12,40,1,1
1671,2024,57,1,18,,3,5
1672,2024,80,2,20,,2,3
1673,2024,56,1,16,,1,2
1674,2024,53,2,13,,1,4
1675,2024,42,2,18,10,1,2
1676,2024,40,2,15,10,2,2
1677,2024,28,1,12,60,3,0
1678,2024,50,1,14,40,2,1
1679,2024,63,1,13,,3,2
1680,2024,79,2,12,,3,2
1681,2024,40,1,14,22,3,3
1682,2024,48,1,12,40,1,2
1683,2024,71,1,13,,2,4
1684,2024,43,2,12,,3,1
1685,2024,45,2,13,,2,1
1686,2024,74,1,16,,2,2
1687,2024,39,1,13,80,1,3
1688,2024,86,2,8,,1,3
1689,2024,33,1,13,40,3,0
1690,2024,60,2,16,25,2,5
1691,2024,51,1,12,,2,2
1692,2024,69,1,12,,3,2
1693,2024,55,2,17,43,3,1
1694,2024,60,2,12,46,2,2
1695,2024,30,2,17,50,2,0
1696,2024,36,1,20,40,2,0
1697,2024,77,1,16,40,1,2
1698,2024,72,2,17,,2,2
1699,2024,65,2,16,,2,0
1700,2024,57,1,12,60,2,2
1701,2024,49,1,18,50,1,3
1702,2024,59,1,12,,2,5
1703,2024,26,1,16,25,1,0
1704,2024,69,1,20,24,1,2
1705,2024,54,2,18,,2,3
1706,2024,,1,17,,2,
1707,2024,51,1,20,50,2,3
1708,2024,62,2,14,,2,3
1709,2024,23,2,15,,3,0
1710,2024,33,1,17,40,2,0
1711,2024,42,1,10,40,1,3
1712,2024,43,2,10,,3,3
1713,2024,56,1,12,40,2,4
1714,2024,42,2,3,,,3
1715,2024,37,2,12,,1,4
1716,2024,64,2,12,,3,2
1717,2024,33,2,15,20,1,5
1718,2024,70,1,12,,2,1
1719,2024,71,2,12,,2,0
1720,2024,31,1,12,36,3,0
1721,2024,47,1,14,40,3,0
1722,2024,73,1,12,,1,1
1723,2024,51,2,14,40,1,2
1724,2024,48,2,16,40,2,
1725,2024,40,1,11,,2,0
1726,2024,83,2,20,,3,2
1727,2024,,1,,40,1,2
1728,2024,83,2,12,,2,3
1729,2024,60,2,12,35,2,2
1730,2024,26,2,16,40,2,0
1731,2024,36,2,13,,2,5
1732,2024,62,2,20,40,2,1
1733,2024,71,2,15,,3,3
1734,2024,68,2,13,,2,3
1735,2024,76,2,12,,2,2
1736,2024,41,1,14,40,1,0
1737,2024,77,2,16,,2,1
1738,2024,27,2,16,40,1,0
1739,2024,42,2,16,4,2,3
1740,2024,43,2,14,40,2,1
1741,2024,70,2,15,,2,3
1742,2024,75,1,14,,2,4
1743,2024,74,1,16,,2,4
1744,2024,57,2,12,70,2,3
1745,2024,72,2,16,,2,2
1746,2024,42,2,18,40,2,2
1747,2024,44,1,16,25,2,1
1748,2024,39,2,18,40,2,2
1749,2024,34,1,17,50,2,0
1750,2024,69,1,16,,2,2
1751,2024,54,1,18,40,1,3
1752,2024,39,2,17,30,2,1
1753,2024,47,1,12,40,2,1
1754,2024,22,2,12,,3,1
1755,2024,34,2,15,,1,2
1756,2024,19,2,12,40,2,0
1757,2024,60,2,14,,2,4
1758,2024,21,1,12,60,2,0
1759,2024,26,2,12,40,1,2
1760,2024,34,2,11,30,2,2
1761,2024,42,2,17,,1,0
1762,2024,60,1,16,40,1,2
1763,2024,23,2,12,32,3,1
1764,2024,41,2,18,32,2,2
1765,2024,48,1,13,65,2,1
1766,2024,27,1,12,50,2,1
1767,2024,64,2,15,,2,1
1768,2024,43,2,8,9,3,0
1769,2024,62,2,12,25,1,2
1770,2024,65,2,12,,2,4
1771,2024,30,2,12,42,2,2
1772,2024,73,1,9,,2,3
1773,2024,42,1,12,45,2,4
1774,2024,43,2,13,,1,1
1775,2024,64,1,16,,3,2
1776,2024,26,1,13,,2,0
1777,2024,34,2,12,,2,2
1778,2024,37,1,16,60,3,2
1779,2024,56,2,12,,2,1
1780,2024,66,2,12,,2,0
1781,2024,57,2,15,40,2,0
1782,2024,67,2,11,25,2,2
1783,2024,50,2,12,38,2,1
1784,2024,33,1,15,59,2,0
1785,2024,55,1,14,40,1,0
1786,2024,73,1,19,,1,2
1787,2024,20,1,14,32,3,0
1788,2024,46,2,14,70,2,3
1789,2024,89,1,10,,2,2
1790,2024,53,2,12,,2,4
1791,2024,49,1,14,55,3,0
1792,2024,44,2,16,40,2,2
1793,2024,37,2,12,,1,3
1794,2024,79,2,12,,1,2
1795,2024,76,2,13,,2,3
1796,2024,66,1,12,,2,3
1797,2024,31,1,14,,3,0
1798,2024,73,1,12,,2,0
1799,2024,68,1,14,,2,2
1800,2024,88,1,12,,1,1
1801,2024,28,1,12,65,2,4
1802,2024,70,1,14,,2,0
1803,2024,25,2,16,40,2,1
1804,2024,37,2,17,60,2,0
1805,2024,42,2,16,26,2,3
1806,2024,41,2,14,,1,2
1807,2024,67,2,15,58,2,0
1808,2024,24,,,6,3,
1809,2024,30,2,12,50,2,3
1810,2024,39,1,12,24,3,1
1811,2024,24,2,12,33,2,2
1812,2024,58,2,13,21,2,2
1813,2024,42,2,16,60,2,2
1814,2024,74,2,12,,3,2
1815,2024,40,1,14,50,2,6
1816,2024,55,1,12,40,3,3
1817,2024,25,1,14,40,3,0
1818,2024,72,2,16,,3,1
1819,2024,77,1,12,,2,2
1820,2024,19,1,14,40,3,
1821,2024,29,2,18,30,2,1
1822,2024,45,1,16,40,1,3
1823,2024,50,2,12,,2,3
1824,2024,58,2,8,40,3,4
1825,2024,26,2,12,37,2,1
1826,2024,49,2,11,,3,6
1827,2024,38,1,15,40,3,4
1828,2024,24,2,11,48,2,1
1829,2024,66,2,13,,3,3
1830,2024,62,2,10,,2,2
1831,2024,22,2,14,25,2,0
1832,2024,49,2,10,,3,6
1833,2024,77,1,18,40,2,2
1834,2024,39,1,18,40,1,3
1835,2024,53,2,10,40,2,3
1836,2024,50,2,12,40,3,3
1837,2024,71,2,14,,2,3
1838,2024,44,2,15,50,3,1
1839,2024,,1,16,,1,2
1840,2024,57,2,16,40,3,2
1841,2024,,1,16,72,1,1
1842,2024,48,2,16,40,2,4
1843,2024,79,,0,,1,
1844,2024,,2,17,,1,3
1845,2024,61,2,16,30,2,3
1846,2024,57,1,14,70,2,5
1847,2024,85,2,16,,1,2
1848,2024,68,2,17,,2,2
1849,2024,51,2,13,,3,1
1850,2024,87,2,14,3,1,3
1851,2024,28,1,15,40,2,1
1852,2024,32,1,18,40,2,2
1853,2024,73,2,17,,2,1
1854,2024,68,1,20,50,3,0
1855,2024,62,2,16,,1,0
1856,2024,72,2,17,,2,3
1857,2024,68,2,16,15,1,0
1858,2024,54,2,16,55,2,0
1859,2024,87,1,19,,3,3
1860,2024,77,2,12,,2,2
1861,2024,27,2,13,50,2,0
1862,2024,23,,15,,1,1
1863,2024,25,1,14,40,1,0
1864,2024,45,2,17,34,2,2
1865,2024,19,1,12,40,2,0
1866,2024,53,1,16,40,2,2
1867,2024,67,2,14,,1,4
1868,2024,20,1,12,,3,0
1869,2024,44,1,13,,3,3
1870,2024,83,1,13,,1,2
1871,2024,76,1,17,24,2,1
1872,2024,80,2,12,,2,3
1873,2024,75,1,18,,1,3
1874,2024,32,,6,45,2,4
1875,2024,26,1,15,48,1,0
1876,2024,68,2,13,,2,3
1877,2024,38,2,12,,1,2
1878,2024,60,2,14,,1,5
1879,2024,40,1,14,55,2,4
1880,2024,71,1,12,10,2,3
1881,2024,61,2,12,,1,1
1882,2024,39,2,12,45,2,4
1883,2024,25,2,17,45,2,0
1884,2024,37,1,16,43,3,0
1885,2024,34,2,16,40,2,1
1886,2024,45,1,17,40,2,3
1887,2024,61,2,11,,2,2
1888,2024,70,1,13,20,2,0
1889,2024,23,1,12,40,1,0
1890,2024,64,1,18,40,2,2
1891,2024,64,2,12,,2,2
1892,2024,59,2,16,42,2,2
1893,2024,46,1,12,46,3,0
1894,2024,25,2,13,,3,2
1895,2024,38,2,11,,2,4
1896,2024,43,1,10,45,2,5
1897,2024,53,1,16,40,2,0
1898,2024,27,2,18,44,2,0
1899,2024,24,2,16,40,2,0
1900,2024,64,2,14,41,2,3
1901,2024,28,2,18,50,1,0
1902,2024,23,1,18,,2,0
1903,2024,22,2,16,36,2,0
1904,2024,21,2,16,,3,0
1905,2024,37,1,17,,2,0
1906,2024,47,2,15,,3,4
1907,2024,,2,16,,3,0
1908,2024,26,2,16,40,2,0
1909,2024,36,2,20,40,2,0
1910,2024,24,2,16,,2,0
1911,2024,34,2,7,10,2,0
1912,2024,28,1,15,35,3,0
1913,2024,80,2,12,,2,2
1914,2024,66,1,12,,3,4
1915,2024,61,1,14,,2,0
1916,2024,55,1,14,48,2,0
1917,2024,41,2,16,50,2,2
1918,2024,39,2,6,40,2,2
1919,2024,74,1,12,,2,2
1920,2024,34,1,9,40,2,3
1921,2024,74,1,12,,2,2
1922,2024,69,2,16,,2,3
1923,2024,26,1,12,,1,1
1924,2024,75,2,12,,2,3
1925,2024,76,1,19,,2,2
1926,2024,23,1,16,45,3,0
1927,2024,69,2,12,,2,4
1928,2024,74,1,15,,2,2
1929,2024,34,1,20,40,2,1
1930,2024,18,1,12,28,2,0
1931,2024,69,1,20,,2,2
1932,2024,36,2,12,64,2,0
1933,2024,41,2,14,40,2,1
1934,2024,41,2,20,,2,2
1935,2024,39,2,12,40,2,2
1936,2024,49,2,14,40,2,2
1937,2024,71,2,18,,1,2
1938,2024,52,2,14,40,2,3
1939,2024,43,2,16,40,2,2
1940,2024,69,2,16,,1,3
1941,2024,35,1,12,45,2,0
1942,2024,57,2,10,,2,2
1943,2024,72,2,12,,2,4
1944,2024,31,2,16,40,2,0
1945,2024,,2,12,34,3,0
1946,2024,52,1,17,,3,4
1947,2024,70,2,12,,1,2
1948,2024,47,2,12,58,2,1
1949,2024,65,1,13,10,2,1
1950,2024,85,1,19,40,1,2
1951,2024,65,1,18,,3,3
1952,2024,47,1,12,40,1,4
1953,2024,27,2,17,36,2,0
1954,2024,33,2,12,,1,1
1955,2024,42,2,16,40,2,2
1956,2024,64,2,12,,2,0
1957,2024,58,1,12,,2,3
1958,2024,53,2,12,35,3,2
1959,2024,66,2,16,,2,2
1960,2024,63,2,15,,2,2
1961,2024,48,2,13,44,2,2
1962,2024,89,1,19,,2,4
1963,2024,78,1,16,,2,4
1964,2024,41,2,16,,2,2
1965,2024,42,2,18,38,2,0
1966,2024,29,1,18,48,2,0
1967,2024,65,2,16,,2,0
1968,2024,67,2,14,,2,1
1969,2024,62,2,19,,1,0
1970,2024,46,1,14,40,2,0
1971,2024,52,2,17,,3,1
1972,2024,75,2,14,,1,2
1973,2024,76,2,10,,2,5
1974,2024,38,1,12,,2,3
1975,2024,72,1,12,,1,1
1976,2024,64,2,17,40,1,2
1977,2024,77,1,20,,2,3
1978,2024,61,2,17,45,2,3
1979,2024,38,1,16,40,2,0
1980,2024,52,2,16,40,2,1
1981,2024,64,2,16,40,2,1
1982,2024,42,2,12,21,2,2
1983,2024,31,1,19,40,1,0
1984,2024,54,1,13,60,3,2
1985,2024,41,2,17,38,2,0
1986,2024,29,1,20,,2,3
1987,2024,48,1,12,,2,0
1988,2024,35,2,12,40,2,4
1989,2024,85,2,16,,2,5
1990,2024,62,2,12,,3,3
1991,2024,52,2,13,40,2,1
1992,2024,64,1,13,35,2,2
1993,2024,62,1,12,,2,1
1994,2024,30,1,11,,2,3
1995,2024,89,2,18,,2,4
1996,2024,55,2,15,25,2,2
1997,2024,67,2,12,,3,0
1998,2024,32,2,18,55,2,0
1999,2024,60,2,14,,3,6
2000,2024,43,1,16,40,2,2
2001,2024,66,2,12,,2,3
2002,2024,62,1,16,40,2,4
2003,2024,46,1,12,67,,3
2004,2024,71,2,0,,3,0
2005,2024,35,1,9,70,2,2
2006,2024,20,1,14,,2,0
2007,2024,89,2,8,,2,5
2008,2024,63,1,14,,2,0
2009,2024,80,1,14,,2,2
2010,2024,61,2,18,45,2,2
2011,2024,31,2,16,50,2,2
2012,2024,26,1,18,,3,0
2013,2024,72,2,18,,2,0
2014,2024,34,1,16,45,1,2
2015,2024,57,2,18,30,2,2
2016,2024,66,1,12,45,2,1
2017,2024,35,2,17,40,2,0
2018,2024,61,2,14,50,2,2
2019,2024,49,2,14,40,2,0
2020,2024,65,1,17,40,2,1
2021,2024,30,1,20,60,2,0
2022,2024,37,1,18,40,3,0
2023,2024,66,1,12,,3,0
2024,2024,33,2,16,45,2,1
2025,2024,47,1,12,45,1,4
2026,2024,67,2,18,,1,0
2027,2024,24,2,12,40,2,1
2028,2024,66,2,12,,2,3
2029,2024,69,1,14,,1,3
2030,2024,69,2,12,,1,6
2031,2024,63,2,20,,1,1
2032,2024,18,1,12,0,2,0
2033,2024,28,2,12,40,2,3
2034,2024,82,1,14,,1,3
2035,2024,43,1,15,44,2,3
2036,2024,46,1,13,3,2,6
2037,2024,19,2,13,,3,0
2038,2024,74,2,12,,2,2
2039,2024,84,1,16,,1,2
2040,2024,63,2,12,,3,2
2041,2024,31,2,0,31,2,2
2042,2024,30,2,12,,2,1
2043,2024,34,1,12,36,1,1
2044,2024,25,1,12,,2,0
2045,2024,29,1,12,,2,2
2046,2024,57,2,11,40,2,2
2047,2024,29,1,12,,3,0
2048,2024,34,1,12,28,3,2
2049,2024,39,2,12,,2,2
2050,2024,40,2,14,,2,1
2051,2024,58,2,12,,3,1
2052,2024,73,2,13,,1,2
2053,2024,54,2,12,18,3,4
2054,2024,55,2,16,20,1,4
2055,2024,32,1,12,50,3,2
2056,2024,76,1,17,,3,0
2057,2024,19,1,12,40,2,0
2058,2024,49,2,11,40,2,3
2059,2024,40,2,9,,3,2
2060,2024,78,1,18,,2,4
2061,2024,46,1,17,35,1,1
2062,2024,28,1,16,40,2,0
2063,2024,41,2,15,30,2,3
2064,2024,45,2,10,25,,1
2065,2024,31,2,19,50,1,0
2066,2024,67,2,8,,2,2
2067,2024,58,2,14,32,2,8
2068,2024,67,2,16,,2,0
2069,2024,45,2,15,,1,1
2070,2024,38,2,8,,3,5
2071,2024,89,1,16,,2,2
2072,2024,34,1,18,40,2,0
2073,2024,52,2,16,41,2,2
2074,2024,69,1,12,,2,0
2075,2024,42,1,16,0,1,2
2076,2024,53,2,20,45,2,2
2077,2024,43,1,12,40,2,2
2078,2024,63,2,12,,2,1
2079,2024,63,1,19,,2,0
2080,2024,68,1,18,16,2,2
2081,2024,74,1,16,,1,2
2082,2024,48,1,13,40,1,4
2083,2024,63,1,12,,,0
2084,2024,61,1,16,41,2,2
2085,2024,56,1,13,,,3
2086,2024,19,1,12,40,2,0
2087,2024,57,1,12,56,2,2
2088,2024,57,2,12,40,2,0
2089,2024,80,2,12,,2,2
2090,2024,27,2,18,40,1,0
2091,2024,46,2,20,8,2,1
2092,2024,67,2,17,10,2,2
2093,2024,70,1,16,,3,2
2094,2024,78,2,19,2,2,1
2095,2024,77,1,20,,1,2
2096,2024,77,2,14,,1,0
2097,2024,56,2,19,,2,2
2098,2024,62,2,19,,1,2
2099,2024,48,2,12,40,2,6
2100,2024,70,2,14,,2,2
2101,2024,54,2,16,40,3,3
2102,2024,77,1,16,,2,2
2103,2024,89,1,16,,2,2
2104,2024,64,1,19,32,3,0
2105,2024,53,1,12,40,2,2
2106,2024,73,2,12,,2,2
2107,2024,70,2,20,,2,2
2108,2024,79,2,14,,2,2
2109,2024,43,1,18,40,1,0
2110,2024,57,2,12,,1,2
2111,2024,67,2,17,10,3,2
2112,2024,89,2,14,,3,4
2113,2024,35,1,11,,3,2
2114,2024,60,2,6,35,2,4
2115,2024,33,1,14,40,2,0
2116,2024,62,2,14,,2,1
2117,2024,76,1,14,,2,1
2118,2024,51,2,14,30,2,2
2119,2024,78,2,13,,3,4
2120,2024,37,1,13,72,2,2
2121,2024,27,2,12,,1,1
2122,2024,34,2,8,,1,4
2123,2024,71,2,12,,2,2
2124,2024,62,2,12,,2,0
2125,2024,23,2,14,37,2,0
2126,2024,34,1,12,51,2,1
2127,2024,44,2,,80,3,0
2128,2024,60,2,15,,2,0
2129,2024,25,1,12,40,3,0
2130,2024,75,2,17,40,2,0
2131,2024,51,1,11,47,2,2
2132,2024,58,2,12,30,1,2
2133,2024,30,2,14,45,3,0
2134,2024,59,2,14,,3,1
2135,2024,65,2,15,,3,1
2136,2024,61,1,0,40,3,0
2137,2024,68,1,17,15,2,3
2138,2024,64,1,14,40,3,0
2139,2024,42,2,12,,2,5
2140,2024,,1,15,45,2,1
2141,2024,26,1,15,30,3,0
2142,2024,,1,15,40,3,
2143,2024,27,1,15,,1,1
2144,2024,60,2,13,40,2,2
2145,2024,25,2,17,8,2,0
2146,2024,32,1,15,50,2,1
2147,2024,48,2,12,40,,4
2148,2024,85,2,12,,2,2
2149,2024,45,1,14,40,2,1
2150,2024,,1,20,,2,1
2151,2024,64,1,17,,1,0
2152,2024,73,1,12,,2,0
2153,2024,69,2,16,40,2,0
2154,2024,,1,12,,2,0
2155,2024,68,1,17,30,2,2
2156,2024,65,1,14,40,2,2
2157,2024,58,1,14,40,2,3
2158,2024,,1,20,,3,0
2159,2024,73,1,16,,2,2
2160,2024,63,1,13,56,2,2
2161,2024,,2,,40,2,2
2162,2024,30,2,16,48,3,0
2163,2024,21,2,15,,2,0
2164,2024,37,1,16,,2,0
2165,2024,21,1,15,,2,0
2166,2024,63,1,20,,1,3
2167,2024,23,2,13,,3,0
2168,2024,,2,12,,2,0
2169,2024,24,2,14,,3,0
2170,2024,24,2,14,20,3,0
2171,2024,28,1,15,46,1,0
2172,2024,19,2,12,,2,0
2173,2024,46,1,13,60,1,4
2174,2024,54,2,18,40,1,2
2175,2024,52,2,12,15,2,5
2176,2024,72,2,13,,2,0
2177,2024,64,2,16,,2,0
2178,2024,63,1,16,12,2,0
2179,2024,31,2,14,45,2,1
2180,2024,51,2,18,40,2,2
2181,2024,47,1,17,,2,1
2182,2024,24,2,12,43,1,2
2183,2024,80,2,12,,2,4
2184,2024,71,2,12,,3,3
2185,2024,71,2,15,32,3,2
2186,2024,36,1,12,40,2,0
2187,2024,41,1,11,44,3,1
2188,2024,29,2,12,25,2,3
2189,2024,32,2,18,44,2,1
2190,2024,70,2,18,35,2,3
2191,2024,76,2,12,,3,1
2192,2024,76,2,10,25,2,5
2193,2024,47,1,9,,3,1
2194,2024,85,1,13,,2,2
2195,2024,24,1,11,,,
2196,2024,18,2,12,,3,0
2197,2024,39,2,16,,3,3
2198,2024,65,2,13,37,1,2
2199,2024,65,2,13,,1,3
2200,2024,50,2,12,,2,2
2201,2024,86,2,12,,2,5
2202,2024,42,1,20,55,3,1
2203,2024,67,2,12,,3,1
2204,2024,22,2,14,40,2,0
2205,2024,62,1,14,30,2,2
2206,2024,25,1,17,40,1,0
2207,2024,37,2,12,,1,2
2208,2024,89,1,12,,3,4
2209,2024,35,2,18,,2,2
2210,2024,77,2,20,,1,1
2211,2024,68,1,18,,2,1
2212,2024,,2,13,45,1,2
2213,2024,64,1,14,40,1,2
2214,2024,56,1,16,8,2,3
2215,2024,31,1,14,40,1,3
2216,2024,38,1,12,,3,0
2217,2024,53,2,12,,2,7
2218,2024,30,1,12,,3,0
2219,2024,72,2,16,,1,2
2220,2024,38,2,16,,3,2
2221,2024,29,2,18,42,3,0
2222,2024,36,2,18,,3,5
2223,2024,39,2,16,,1,2
2224,2024,59,2,12,,1,3
2225,2024,68,1,10,,3,3
2226,2024,38,2,10,20,2,1
2227,2024,55,2,13,,2,4
2228,2024,39,2,12,,2,4
2229,2024,60,1,13,,3,2
2230,2024,43,1,9,30,3,0
2231,2024,34,2,16,40,1,6
2232,2024,26,1,12,48,3,0
2233,2024,66,2,12,,3,2
2234,2024,65,2,12,,2,2
2235,2024,42,2,15,,3,4
2236,2024,53,1,9,3,1,2
2237,2024,24,2,13,,2,1
2238,2024,38,2,12,32,2,3
2239,2024,19,2,12,,2,0
2240,2024,69,2,16,,2,3
2241,2024,56,1,14,,2,2
2242,2024,27,2,12,10,2,3
2243,2024,21,1,12,20,2,0
2244,2024,79,1,11,,1,2
2245,2024,,2,14,,2,2
2246,2024,66,1,16,50,1,4
2247,2024,36,1,12,45,2,0
2248,2024,39,1,12,42,2,2
2249,2024,,2,12,,1,4
2250,2024,77,1,16,,3,2
2251,2024,67,1,16,,3,4
2252,2024,57,2,14,46,2,2
2253,2024,74,1,14,,2,1
2254,2024,60,2,12,40,3,3
2255,2024,34,1,14,40,1,2
2256,2024,68,2,18,40,2,2
2257,2024,45,1,14,60,1,0
2258,2024,28,2,12,38,1,3
2259,2024,53,1,16,40,1,2
2260,2024,82,1,12,,2,2
2261,2024,26,1,12,42,2,1
2262,2024,69,2,16,,1,4
2263,2024,26,1,12,52,3,2
2264,2024,65,1,12,,2,3
2265,2024,35,2,16,38,2,3
2266,2024,48,2,18,,2,0
2267,2024,28,2,12,40,2,1
2268,2024,50,2,17,,1,3
2269,2024,43,2,13,24,2,1
2270,2024,44,1,12,50,2,3
2271,2024,29,2,14,,2,2
2272,2024,50,2,13,27,1,2
2273,2024,48,2,17,,2,3
2274,2024,23,1,13,25,2,0
2275,2024,32,1,14,42,2,1
2276,2024,25,1,16,40,3,0
2277,2024,48,2,14,40,2,8
2278,2024,31,2,12,40,3,1
2279,2024,27,1,12,60,3,0
2280,2024,57,2,18,44,2,0
2281,2024,64,2,16,,2,1
2282,2024,65,2,14,36,2,2
2283,2024,47,2,12,,2,3
2284,2024,63,2,16,44,2,3
2285,2024,72,1,16,,1,2
2286,2024,34,1,11,42,1,4
2287,2024,39,1,17,40,1,1
2288,2024,19,1,14,70,2,6
2289,2024,33,2,12,42,2,2
2290,2024,81,1,10,,2,3
2291,2024,58,1,16,40,2,1
2292,2024,28,2,12,45,2,3
2293,2024,84,2,12,,2,6
2294,2024,72,2,12,,1,0
2295,2024,60,1,10,,3,0
2296,2024,,2,12,25,2,0
2297,2024,75,1,12,,3,4
2298,2024,34,2,18,40,2,0
2299,2024,68,1,20,,2,0
2300,2024,47,1,12,,3,2
2301,2024,25,1,14,,3,0
2302,2024,51,2,14,50,1,1
2303,2024,67,1,18,,2,2
2304,2024,35,2,12,45,2,3
2305,2024,42,1,12,45,1,0
2306,2024,75,1,14,,2,2
2307,2024,37,1,12,84,1,0
2308,2024,57,2,12,41,1,2
2309,2024,41,2,20,50,2,2
2310,2024,74,1,14,,2,2
2311,2024,66,1,12,,1,2
2312,2024,73,2,13,,3,4
2313,2024,41,1,15,37,2,0
2314,2024,68,2,12,,2,5
2315,2024,60,1,12,25,2,3
2316,2024,71,2,18,,3,3
2317,2024,30,2,12,,2,2
2318,2024,62,2,18,,1,6
2319,2024,78,1,16,25,2,0
2320,2024,64,2,18,46,2,4
2321,2024,58,1,12,45,1,3
2322,2024,72,2,13,,3,1
2323,2024,64,2,12,,2,0
2324,2024,70,2,12,,1,0
2325,2024,84,2,7,,2,6
2326,2024,73,2,16,,3,2
2327,2024,55,2,12,,2,2
2328,2024,73,2,12,,2,0
2329,2024,68,2,14,,1,2
2330,2024,71,2,16,,2,2
2331,2024,80,1,20,,2,2
2332,2024,40,2,20,40,2,1
2333,2024,42,1,20,45,2,5
2334,2024,80,2,16,,1,3
2335,2024,66,2,17,,2,0
2336,2024,61,2,16,,1,0
2337,2024,,2,16,49,2,1
2338,2024,63,1,8,,3,3
2339,2024,25,1,12,,1,0
2340,2024,75,2,12,,3,2
2341,2024,26,2,12,58,2,1
2342,2024,49,2,16,20,2,2
2343,2024,69,2,16,,1,2
2344,2024,69,2,12,,1,2
2345,2024,65,2,12,,1,2
2346,2024,40,2,14,89,2,2
2347,2024,66,2,13,35,2,3
2348,2024,48,2,12,40,2,3
2349,2024,27,2,17,45,2,0
2350,2024,67,1,12,30,2,1
2351,2024,66,2,14,,2,2
2352,2024,82,1,20,,1,5
2353,2024,54,1,19,4,1,2
2354,2024,64,2,20,60,2,7
2355,2024,67,2,20,,3,2
2356,2024,59,1,12,,2,0
2357,2024,38,1,14,40,2,0
2358,2024,38,2,14,40,2,3
2359,2024,,1,14,70,2,4
2360,2024,74,1,16,40,2,0
2361,2024,60,2,18,,3,4
2362,2024,85,1,12,,1,2
2363,2024,49,2,17,,2,1
2364,2024,32,1,14,40,1,1
2365,2024,32,2,10,,3,0
2366,2024,32,2,10,41,3,2
2367,2024,53,2,20,50,2,3
2368,2024,78,1,18,,2,2
2369,2024,27,1,12,40,2,0
2370,2024,28,1,12,38,3,1
2371,2024,61,2,13,,3,2
2372,2024,66,1,16,,2,1
2373,2024,48,1,20,40,2,0
2374,2024,65,1,10,,1,1
2375,2024,23,2,13,,2,1
2376,2024,,2,,20,3,0
2377,2024,55,1,12,40,2,0
2378,2024,70,2,10,,2,4
2379,2024,24,1,14,,3,2
2380,2024,76,2,12,,2,2
2381,2024,48,1,11,,3,0
2382,2024,62,2,14,35,2,1
2383,2024,,2,20,,2,
2384,2024,47,1,16,50,2,1
2385,2024,75,2,6,,2,2
2386,2024,20,2,15,,1,0
2387,2024,33,2,16,,1,0
2388,2024,63,1,12,,2,0
2389,2024,71,2,13,,1,0
2390,2024,40,1,16,40,2,2
2391,2024,57,2,16,43,2,2
2392,2024,69,2,16,,2,2
2393,2024,26,1,14,40,2,5
2394,2024,32,1,10,54,3,2
2395,2024,55,1,12,40,1,2
2396,2024,38,2,15,48,3,2
2397,2024,69,2,13,,2,3
2398,2024,43,1,16,50,2,0
2399,2024,54,2,18,,2,2
2400,2024,49,1,12,,2,1
2401,2024,28,1,16,0,1,0
2402,2024,76,1,17,40,3,3
2403,2024,36,1,17,40,2,0
2404,2024,75,1,12,,2,2
2405,2024,72,2,14,,1,3
2406,2024,67,2,14,5,1,3
2407,2024,21,1,11,40,3,0
2408,2024,23,1,12,40,2,0
2409,2024,36,2,9,45,2,3
2410,2024,64,2,12,,3,0
2411,2024,62,1,12,,1,2
2412,2024,47,2,16,48,2,1
2413,2024,34,1,13,,2,3
2414,2024,44,2,12,,3,3
2415,2024,29,2,13,10,2,2
2416,2024,45,1,12,53,2,2
2417,2024,31,1,10,,3,3
2418,2024,33,2,11,83,3,6
2419,2024,73,2,13,20,1,2
2420,2024,20,2,14,,2,0
2421,2024,58,1,16,40,3,2
2422,2024,39,1,12,40,3,2
2423,2024,29,1,18,70,2,0
2424,2024,73,1,18,,2,3
2425,2024,42,1,14,50,2,2
2426,2024,27,1,17,45,2,0
2427,2024,37,1,20,40,2,0
2428,2024,27,2,14,40,1,2
2429,2024,34,2,16,70,1,2
2430,2024,35,2,14,24,2,1
2431,2024,57,2,13,40,1,3
2432,2024,80,2,12,,3,4
2433,2024,,1,12,,1,2
2434,2024,65,1,20,,2,1
2435,2024,24,1,12,40,2,2
2436,2024,50,1,13,48,2,0
2437,2024,64,2,12,50,2,1
2438,2024,61,2,16,43,2,0
2439,2024,61,2,9,40,3,3
2440,2024,54,2,12,,1,1
2441,2024,52,2,20,30,1,3
2442,2024,79,2,12,,2,2
2443,2024,48,1,16,40,2,3
2444,2024,61,1,12,,2,1
2445,2024,81,1,13,,2,2
2446,2024,59,1,18,,1,3
2447,2024,22,2,12,40,2,0
2448,2024,54,1,20,40,3,2
2449,2024,37,1,16,40,2,0
2450,2024,43,1,18,55,1,2
2451,2024,26,2,18,,2,0
2452,2024,48,1,16,60,2,2
2453,2024,39,2,14,40,2,2
2454,2024,32,1,18,43,2,4
2455,2024,86,1,13,,3,3
2456,2024,62,2,20,,2,2
2457,2024,60,2,14,16,1,2
2458,2024,50,1,17,40,1,0
2459,2024,35,1,15,30,2,0
2460,2024,49,1,10,40,2,4
2461,2024,48,1,12,40,1,3
2462,2024,89,2,6,,3,8
2463,2024,57,2,12,41,2,0
2464,2024,72,2,15,,2,8
2465,2024,71,2,16,,2,2
2466,2024,71,1,12,,2,1
2467,2024,29,2,14,,2,0
2468,2024,64,1,14,40,3,1
2469,2024,34,2,19,32,1,0
2470,2024,80,1,16,,2,8
2471,2024,56,2,18,40,2,4
2472,2024,19,2,13,,3,0
2473,2024,48,2,9,,3,3
2474,2024,34,1,13,,3,1
2475,2024,60,2,13,40,3,2
2476,2024,53,1,13,,3,4
2477,2024,65,1,9,,1,3
2478,2024,40,1,,50,2,0
2479,2024,40,2,12,,3,5
2480,2024,73,2,11,,2,4
2481,2024,,1,14,,2,2
2482,2024,66,2,15,32,1,0
2483,2024,24,1,12,38,3,1
2484,2024,39,1,13,,2,1
2485,2024,68,2,11,,2,0
2486,2024,73,2,12,,3,2
2487,2024,56,1,12,,3,0
2488,2024,71,1,12,,2,4
2489,2024,56,2,14,40,2,1
2490,2024,66,1,17,0,2,4
2491,2024,29,2,16,40,2,2
2492,2024,71,2,12,,2,3
2493,2024,49,2,12,,2,4
2494,2024,78,2,15,,2,2
2495,2024,59,1,13,,1,2
2496,2024,39,1,14,40,1,0
2497,2024,35,2,13,,2,0
2498,2024,52,2,12,,2,3
2499,2024,53,1,15,50,,8
2500,2024,70,1,18,,2,4
2501,2024,27,1,15,40,2,0
2502,2024,55,1,11,,3,8
2503,2024,67,2,14,,1,4
2504,2024,41,2,12,12,3,2
2505,2024,28,2,12,,2,6
2506,2024,75,2,12,,2,3
2507,2024,18,2,12,,2,0
2508,2024,22,2,14,0,2,0
2509,2024,49,2,14,40,2,1
2510,2024,23,2,13,30,2,1
2511,2024,40,1,13,,3,2
2512,2024,67,1,12,,2,0
2513,2024,79,2,14,,3,0
2514,2024,71,2,16,,2,0
2515,2024,71,2,18,25,1,2
2516,2024,70,1,17,,2,2
2517,2024,56,1,,,3,3
2518,2024,74,2,10,,2,4
2519,2024,57,1,12,,3,3
2520,2024,,1,6,,2,4
2521,2024,27,1,12,,1,0
2522,2024,62,1,11,,2,4
2523,2024,26,1,12,39,3,2
2524,2024,32,2,16,,2,0
2525,2024,66,1,11,,3,1
2526,2024,34,2,12,42,2,1
2527,2024,37,2,16,60,2,0
2528,2024,46,2,18,35,2,0
2529,2024,33,2,13,,3,3
2530,2024,44,1,11,5,2,6
2531,2024,63,2,12,,3,1
2532,2024,37,2,14,38,3,2
2533,2024,40,2,16,75,2,1
2534,2024,32,1,14,32,2,0
2535,2024,70,2,16,,2,
2536,2024,72,2,16,,2,1
2537,2024,66,2,11,,1,2
2538,2024,80,1,15,,2,2
2539,2024,67,1,13,,2,2
2540,2024,63,2,12,40,2,0
2541,2024,38,1,12,,2,0
2542,2024,52,1,20,40,3,0
2543,2024,53,2,17,,1,0
2544,2024,46,2,16,,2,0
2545,2024,54,1,16,40,2,0
2546,2024,29,2,16,60,2,0
2547,2024,56,2,6,,3,0
2548,2024,50,2,18,,2,0
2549,2024,19,2,12,32,2,0
2550,2024,32,1,18,,3,0
2551,2024,30,2,12,,2,4
2552,2024,,,3,50,2,0
2553,2024,22,2,11,,3,0
2554,2024,35,1,14,40,3,0
2555,2024,76,1,18,,2,0
2556,2024,19,2,14,33,1,0
2557,2024,33,1,12,40,2,0
2558,2024,53,2,12,32,2,2
2559,2024,72,1,12,,1,4
2560,2024,,,19,,2,
2561,2024,30,2,12,,2,2
2562,2024,29,2,16,,2,1
2563,2024,61,2,16,,2,3
2564,2024,37,2,13,40,1,4
2565,2024,25,1,16,50,1,0
2566,2024,57,1,12,46,2,5
2567,2024,81,1,12,,2,0
2568,2024,74,2,18,,3,2
2569,2024,70,1,15,,3,2
2570,2024,72,2,16,,2,2
2571,2024,,1,12,,2,0
2572,2024,45,1,12,40,2,0
2573,2024,41,1,14,45,2,5
2574,2024,31,2,13,,3,2
2575,2024,36,1,12,41,2,3
2576,2024,75,1,15,,1,0
2577,2024,66,1,14,,3,4
2578,2024,69,2,12,,2,0
2579,2024,,,,,,
2580,2024,43,2,13,37,2,1
2581,2024,26,1,14,40,2,0
2582,2024,33,2,14,61,3,3
2583,2024,59,2,16,,2,0
2584,2024,61,2,14,40,2,1
2585,2024,29,2,11,36,2,4
2586,2024,67,1,14,,3,0
2587,2024,48,2,12,6,3,6
2588,2024,47,2,10,,3,2
2589,2024,76,2,12,,1,5
2590,2024,44,1,17,40,2,2
2591,2024,23,1,13,40,2,0
2592,2024,62,2,14,40,1,2
2593,2024,34,2,12,24,2,2
2594,2024,83,2,16,,2,2
2595,2024,68,2,17,,3,0
2596,2024,43,2,20,40,1,3
2597,2024,36,1,16,40,1,1
2598,2024,77,2,18,,3,1
2599,2024,47,1,16,35,1,2
2600,2024,45,2,14,,2,1
2601,2024,48,2,14,40,3,7
2602,2024,36,2,16,40,3,2
2603,2024,64,1,14,,2,3
2604,2024,42,1,20,40,2,3
2605,2024,32,1,16,40,2,0
2606,2024,63,1,13,40,2,3
2607,2024,26,2,11,,3,5
2608,2024,29,2,12,,2,4
2609,2024,32,2,11,,2,5
2610,2024,39,2,12,40,2,4
2611,2024,54,1,10,,1,6
2612,2024,73,2,13,,3,2
2613,2024,45,2,13,30,3,5
2614,2024,30,2,14,32,2,1
2615,2024,62,1,9,,2,0
2616,2024,81,2,13,,2,3
2617,2024,74,2,8,,2,2
2618,2024,67,2,14,,2,4
2619,2024,46,2,14,40,2,0
2620,2024,59,1,12,,3,4
2621,2024,74,1,12,,3,6
2622,2024,64,1,9,,3,3
2623,2024,21,1,14,,2,0
2624,2024,65,2,14,45,2,1
2625,2024,64,1,16,32,1,4
2626,2024,,1,12,40,1,1
2627,2024,18,1,11,15,2,0
2628,2024,41,1,13,40,2,0
2629,2024,78,2,16,,1,3
2630,2024,58,2,12,55,1,3
2631,2024,65,2,13,,3,2
2632,2024,27,1,14,40,3,0
2633,2024,63,2,13,40,1,0
2634,2024,76,1,20,,2,0
2635,2024,56,2,16,30,1,2
2636,2024,35,1,12,40,2,2
2637,2024,42,1,11,,2,2
2638,2024,89,1,20,,3,2
2639,2024,45,2,12,35,1,0
2640,2024,62,1,17,60,2,3
2641,2024,37,2,20,45,2,3
2642,2024,43,1,15,40,2,1
2643,2024,69,2,16,,3,3
2644,2024,22,1,12,44,2,0
2645,2024,49,1,12,40,1,0
2646,2024,65,1,16,,2,3
2647,2024,41,2,12,65,1,3
2648,2024,68,2,14,,2,0
2649,2024,34,1,16,40,1,0
2650,2024,22,2,14,,2,0
2651,2024,61,2,12,,3,0
2652,2024,30,2,12,40,1,2
2653,2024,31,2,16,,2,2
2654,2024,83,2,12,,2,3
2655,2024,20,1,14,40,2,0
2656,2024,75,2,13,14,1,3
2657,2024,29,2,12,40,2,3
2658,2024,37,2,15,,3,3
2659,2024,81,2,15,,2,6
2660,2024,18,2,12,,2,0
2661,2024,79,2,18,,2,3
2662,2024,21,2,14,45,1,0
2663,2024,68,1,12,,2,3
2664,2024,86,1,12,,2,4
2665,2024,77,2,12,,2,2
2666,2024,67,2,12,,2,0
2667,2024,73,1,12,,3,3
2668,2024,34,2,17,,2,2
2669,2024,71,1,12,,2,3
2670,2024,25,2,12,24,3,0
2671,2024,48,1,12,70,3,1
2672,2024,33,2,14,28,2,0
2673,2024,44,1,12,55,1,5
2674,2024,38,1,12,40,2,0
2675,2024,82,1,11,,3,1
2676,2024,18,1,12,,2,0
2677,2024,82,2,16,,1,3
2678,2024,56,1,12,56,2,2
2679,2024,55,2,16,,3,0
2680,2024,68,2,16,,3,4
2681,2024,67,1,14,60,2,1
2682,2024,58,2,6,,3,4
2683,2024,26,1,12,40,2,0
2684,2024,67,1,13,,2,2
2685,2024,34,1,6,40,1,3
2686,2024,43,1,14,,3,0
2687,2024,73,2,16,,2,3
2688,2024,62,1,16,45,1,3
2689,2024,24,1,15,,3,0
2690,2024,,2,17,50,3,1
2691,2024,70,1,12,,2,2
2692,2024,47,1,11,45,3,8
2693,2024,53,2,13,46,2,1
2694,2024,64,2,16,,1,4
2695,2024,67,2,12,,2,3
2696,2024,35,1,12,40,1,0
2697,2024,36,2,16,40,2,2
2698,2024,,2,16,,2,2
2699,2024,32,1,17,40,2,0
2700,2024,65,1,12,,1,3
2701,2024,84,1,16,,2,1
2702,2024,59,1,16,40,2,0
2703,2024,24,2,12,,2,3
2704,2024,51,2,14,44,2,3
2705,2024,36,2,12,,2,3
2706,2024,30,1,0,40,2,0
2707,2024,41,2,16,43,2,1
2708,2024,31,1,12,,3,0
2709,2024,43,1,15,48,2,0
2710,2024,33,2,13,34,2,1
2711,2024,25,1,16,40,2,0
2712,2024,53,1,15,60,2,4
2713,2024,53,2,12,,1,3
2714,2024,63,2,12,40,2,2
2715,2024,38,1,14,40,1,0
2716,2024,31,1,12,,3,1
2717,2024,40,1,16,36,3,1
2718,2024,,1,17,40,2,0
2719,2024,67,1,11,,2,0
2720,2024,73,1,12,,1,1
2721,2024,68,2,16,,2,2
2722,2024,67,2,18,,2,4
2723,2024,67,2,16,7,2,0
2724,2024,39,1,17,45,1,0
2725,2024,57,2,18,,2,8
2726,2024,,2,16,,1,0
2727,2024,60,1,13,40,1,2
2728,2024,72,2,14,,2,0
2729,2024,66,2,16,,2,2
2730,2024,64,2,12,15,2,2
2731,2024,63,2,16,24,1,1
2732,2024,74,1,16,50,1,2
2733,2024,42,1,12,58,2,4
2734,2024,53,2,20,,1,2
2735,2024,49,1,18,40,2,3
2736,2024,58,2,20,25,2,2
2737,2024,66,1,13,,1,3
2738,2024,64,1,14,50,2,2
2739,2024,35,2,14,40,2,3
2740,2024,55,1,12,40,2,4
2741,2024,70,2,12,15,2,3
2742,2024,42,2,12,35,2,3
2743,2024,32,2,19,45,1,1
2744,2024,,1,12,,2,1
2745,2024,69,1,12,,3,2
2746,2024,36,2,11,40,1,4
2747,2024,41,1,12,60,3,1
2748,2024,,2,12,50,2,1
2749,2024,33,1,16,40,2,0
2750,2024,30,2,16,,2,2
2751,2024,69,1,6,,3,8
2752,2024,23,1,14,40,3,0
2753,2024,42,2,13,40,1,3
2754,2024,52,2,16,40,1,4
2755,2024,57,2,20,,2,0
2756,2024,60,1,16,36,3,2
2757,2024,50,1,12,43,3,2
2758,2024,75,2,14,,2,2
2759,2024,83,2,12,,2,6
2760,2024,70,1,16,,3,1
2761,2024,32,1,16,40,1,0
2762,2024,26,2,16,25,2,0
2763,2024,22,2,12,,2,0
2764,2024,64,1,15,,2,6
2765,2024,32,2,12,36,3,4
2766,2024,31,1,17,40,2,0
2767,2024,50,2,12,,2,3
2768,2024,71,1,18,,2,0
2769,2024,29,2,11,37,1,3
2770,2024,19,1,13,35,3,0
2771,2024,32,2,14,40,3,3
2772,2024,28,1,16,85,2,0
2773,2024,54,1,12,,2,3
2774,2024,56,1,10,60,1,0
2775,2024,67,1,7,,2,2
2776,2024,56,1,12,,1,0
2777,2024,47,2,12,,3,3
2778,2024,34,2,10,,2,3
2779,2024,18,2,9,19,3,0
2780,2024,49,1,11,70,3,3
2781,2024,63,2,,20,2,1
2782,2024,44,2,14,36,3,4
2783,2024,66,2,11,,3,5
2784,2024,75,1,20,,1,3
2785,2024,64,2,10,,2,1
2786,2024,70,2,12,40,2,2
2787,2024,59,2,16,35,2,0
2788,2024,65,1,16,,2,2
2789,2024,25,1,16,40,1,1
2790,2024,21,2,13,40,2,0
2791,2024,33,2,12,40,2,3
2792,2024,36,1,9,,2,3
2793,2024,56,,,25,3,0
2794,2024,22,1,11,32,2,1
2795,2024,25,2,14,,2,1
2796,2024,22,1,12,40,,
2797,2024,33,2,14,,2,3
2798,2024,29,2,15,70,1,3
2799,2024,55,1,16,45,2,2
2800,2024,19,1,12,35,2,0
2801,2024,46,2,10,,1,4
2802,2024,26,2,16,40,3,0
2803,2024,72,1,12,,1,0
2804,2024,57,2,12,40,3,3
2805,2024,71,2,14,,2,0
2806,2024,62,1,16,,2,2
2807,2024,63,1,16,,2,3
2808,2024,24,1,13,40,2,0
2809,2024,39,1,16,80,3,0
2810,2024,27,1,12,70,2,0
2811,2024,54,2,14,80,1,3
2812,2024,46,1,13,60,2,2
2813,2024,43,2,14,,2,2
2814,2024,30,2,12,,1,4
2815,2024,38,2,12,,2,2
2816,2024,48,1,14,40,2,2
2817,2024,45,1,15,40,2,3
2818,2024,28,2,14,40,1,0
2819,2024,42,2,16,16,2,2
2820,2024,52,2,13,40,2,3
2821,2024,66,1,13,,2,3
2822,2024,74,2,11,,3,4
2823,2024,18,1,16,6,2,
2824,2024,29,2,14,,1,2
2825,2024,22,1,12,30,3,0
2826,2024,30,1,12,40,1,5
2827,2024,44,1,14,,3,0
2828,2024,51,2,14,,3,5
2829,2024,43,1,12,50,3,0
2830,2024,36,2,20,,1,0
2831,2024,42,2,16,40,3,2
2832,2024,39,1,16,,2,0
2833,2024,69,1,13,,3,2
2834,2024,61,1,12,,2,0
2835,2024,45,2,14,40,2,2
2836,2024,20,2,12,,2,0
2837,2024,59,2,13,,3,4
2838,2024,29,2,16,54,3,0
2839,2024,55,2,13,,2,4
2840,2024,38,2,12,30,3,5
2841,2024,58,2,12,6,2,0
2842,2024,39,2,15,42,1,2
2843,2024,61,1,13,,2,4
2844,2024,54,2,16,,3,3
2845,2024,39,2,14,,2,0
2846,2024,55,2,12,25,2,2
2847,2024,39,2,10,,3,0
2848,2024,23,1,12,37,2,0
2849,2024,25,1,12,20,3,0
2850,2024,60,1,11,,3,3
2851,2024,36,2,12,,2,2
2852,2024,42,2,12,,2,4
2853,2024,42,2,16,,3,8
2854,2024,26,2,20,40,2,0
2855,2024,,1,12,55,3,2
2856,2024,67,1,16,,1,0
2857,2024,76,2,16,,3,4
2858,2024,67,2,12,,2,2
2859,2024,88,2,13,,2,2
2860,2024,27,1,12,,2,2
2861,2024,62,1,15,,2,4
2862,2024,84,2,13,,1,4
2863,2024,66,1,14,40,2,5
2864,2024,53,1,20,60,2,1
2865,2024,73,2,12,,3,0
2866,2024,23,1,16,50,3,0
2867,2024,56,1,18,45,2,3
2868,2024,36,1,14,50,2,5
2869,2024,61,2,15,,2,3
2870,2024,51,1,18,40,2,6
2871,2024,71,1,16,,2,4
2872,2024,77,2,11,,2,3
2873,2024,38,2,16,12,2,4
2874,2024,31,2,12,,2,3
2875,2024,37,1,18,,2,0
2876,2024,76,2,16,,2,2
2877,2024,65,1,14,51,2,1
2878,2024,24,1,14,40,1,1
2879,2024,30,2,10,,1,4
2880,2024,31,1,13,40,2,0
2881,2024,79,2,17,,2,4
2882,2024,74,1,13,,3,5
2883,2024,34,1,14,40,1,0
2884,2024,38,1,11,40,2,4
2885,2024,19,1,15,,1,0
2886,2024,48,2,18,40,2,2
2887,2024,,1,15,40,1,2
2888,2024,,1,6,25,3,1
2889,2024,68,1,7,,1,1
2890,2024,44,1,18,,3,0
2891,2024,55,2,14,20,2,4
2892,2024,54,2,17,36,2,0
2893,2024,52,2,6,40,2,2
2894,2024,61,2,12,40,1,1
2895,2024,61,2,13,,2,0
2896,2024,57,1,14,40,2,2
2897,2024,60,2,16,,2,2
2898,2024,55,1,18,,1,1
2899,2024,60,1,14,40,3,2
2900,2024,42,1,14,70,1,6
2901,2024,55,1,20,,1,0
2902,2024,56,1,12,,2,2
2903,2024,35,2,12,30,1,2
2904,2024,22,2,12,,1,4
2905,2024,,2,12,,1,4
2906,2024,67,2,14,54,2,3
2907,2024,73,2,13,,2,2
2908,2024,60,2,15,40,3,2
2909,2024,34,2,10,34,1,4
2910,2024,80,1,16,,2,0
2911,2024,62,2,17,40,2,1
2912,2024,52,2,16,40,2,2
2913,2024,44,2,16,10,2,1
2914,2024,74,2,20,20,1,0
2915,2024,56,2,14,35,2,0
2916,2024,43,2,20,45,1,2
2917,2024,60,2,13,24,3,3
2918,2024,32,2,18,40,2,1
2919,2024,67,2,15,8,2,0
2920,2024,47,1,16,30,2,2
2921,2024,80,2,12,,2,4
2922,2024,70,2,12,,3,3
2923,2024,49,1,16,50,2,2
2924,2024,44,1,12,46,3,2
2925,2024,37,2,20,40,2,0
2926,2024,33,1,17,,2,0
2927,2024,49,2,14,,3,0
2928,2024,22,2,16,,3,0
2929,2024,27,2,12,,1,0
2930,2024,77,1,12,,,0
2931,2024,69,2,16,,2,2
2932,2024,63,1,18,16,1,2
2933,2024,41,2,14,4,1,4
2934,2024,72,1,16,,2,1
2935,2024,70,1,14,10,1,2
2936,2024,44,2,16,40,2,3
2937,2024,41,1,16,40,2,1
2938,2024,39,2,12,,2,3
2939,2024,40,1,13,50,1,2
2940,2024,51,1,16,40,1,0
2941,2024,37,1,20,0,2,0
2942,2024,65,2,14,,2,2
2943,2024,33,1,14,34,2,0
2944,2024,70,1,12,,3,1
2945,2024,67,1,17,,2,2
2946,2024,35,2,18,,2,1
2947,2024,,2,13,40,3,1
2948,2024,55,1,15,65,2,3
2949,2024,44,2,15,40,2,2
2950,2024,37,2,16,,1,3
2951,2024,68,2,12,,2,3
2952,2024,77,1,13,,2,3
2953,2024,43,2,17,,2,2
2954,2024,28,2,12,20,2,0
2955,2024,28,2,16,40,1,0
2956,2024,31,2,17,45,2,0
2957,2024,62,1,12,8,2,2
2958,2024,67,2,16,,1,0
2959,2024,38,2,16,40,1,2
2960,2024,31,2,12,50,3,0
2961,2024,59,1,13,12,3,1
2962,2024,38,2,14,,2,3
2963,2024,43,1,5,46,3,0
2964,2024,54,2,19,,3,2
2965,2024,64,2,12,,2,5
2966,2024,69,1,12,,2,1
2967,2024,38,2,12,24,1,1
2968,2024,39,1,16,,2,1
2969,2024,47,2,18,45,2,2
2970,2024,37,2,18,30,1,3
2971,2024,52,2,18,,3,3
2972,2024,56,2,16,,2,2
2973,2024,61,1,16,45,2,4
2974,2024,55,2,20,,1,3
2975,2024,74,2,16,,1,2
2976,2024,65,2,16,,1,5
2977,2024,63,1,16,40,1,2
2978,2024,19,2,14,,3,0
2979,2024,51,2,16,28,3,2
2980,2024,74,1,16,,1,0
2981,2024,77,2,16,,3,1
2982,2024,75,1,16,,3,0
2983,2024,40,2,18,60,2,3
2984,2024,49,1,16,65,1,5
2985,2024,78,1,15,,2,3
2986,2024,76,1,18,,2,1
2987,2024,71,1,12,,2,5
2988,2024,43,1,14,42,2,0
2989,2024,33,2,13,,2,2
2990,2024,58,1,12,50,2,3
2991,2024,52,2,17,30,2,2
2992,2024,63,1,13,,2,2
2993,2024,68,2,12,,3,3
2994,2024,76,2,12,20,1,0
2995,2024,73,1,12,,2,4
2996,2024,67,2,16,,2,3
2997,2024,79,1,14,,2,2
2998,2024,66,2,13,,2,0
2999,2024,79,1,13,,2,2
3000,2024,39,2,16,,2,1
3001,2024,30,2,11,,2,1
3002,2024,46,2,12,80,2,2
3003,2024,75,2,14,,2,3
3004,2024,84,1,17,,2,3
3005,2024,71,2,12,,1,1
3006,2024,66,1,18,,3,3
3007,2024,69,1,13,,3,2
3008,2024,58,1,16,,1,0
3009,2024,57,1,16,46,2,0
3010,2024,21,2,14,,2,1
3011,2024,24,2,14,22,3,0
3012,2024,31,2,15,50,2,4
3013,2024,25,1,12,,3,0
3014,2024,40,2,13,,3,4
3015,2024,73,1,18,,1,0
3016,2024,49,1,13,50,2,2
3017,2024,41,2,14,,2,5
3018,2024,40,2,14,40,1,3
3019,2024,26,1,10,69,3,1
3020,2024,27,2,12,,2,1
3021,2024,37,2,13,40,3,2
3022,2024,43,1,12,,2,2
3023,2024,36,1,17,35,2,3
3024,2024,46,2,13,,3,2
3025,2024,61,2,11,,2,3
3026,2024,54,2,14,,2,1
3027,2024,73,2,12,,2,2
3028,2024,55,1,12,,2,0
3029,2024,63,1,9,,2,1
3030,2024,47,2,8,,2,6
3031,2024,31,2,12,,2,4
3032,2024,20,1,12,,3,0
3033,2024,35,1,12,40,1,4
3034,2024,34,2,12,,2,1
3035,2024,42,1,12,32,2,2
3036,2024,26,2,13,20,2,2
3037,2024,55,1,11,37,2,0
3038,2024,21,1,12,40,1,1
3039,2024,64,2,16,20,2,3
3040,2024,68,2,15,,3,3
3041,2024,43,2,6,41,2,2
3042,2024,73,1,12,,1,2
3043,2024,28,1,14,48,2,0
3044,2024,38,2,12,25,2,5
3045,2024,59,2,6,,2,3
3046,2024,77,2,14,,2,0
3047,2024,63,2,12,,3,0
3048,2024,34,2,16,40,2,2
3049,2024,54,2,14,,3,2
3050,2024,64,1,14,,2,1
3051,2024,40,1,18,48,2,1
3052,2024,61,2,13,,3,3
3053,2024,56,2,14,40,1,3
3054,2024,48,2,15,40,2,2
3055,2024,26,1,14,,1,1
3056,2024,42,1,12,65,2,0
3057,2024,55,2,12,,2,1
3058,2024,37,1,18,40,2,2
3059,2024,18,2,11,,1,0
3060,2024,32,1,12,56,2,0
3061,2024,56,2,12,40,1,1
3062,2024,44,1,16,40,1,4
3063,2024,51,1,16,60,2,2
3064,2024,62,2,19,45,1,2
3065,2024,35,1,14,60,2,0
3066,2024,35,2,16,40,1,2
3067,2024,75,1,16,,1,4
3068,2024,60,1,12,72,2,2
3069,2024,37,1,16,40,1,0
3070,2024,41,1,16,60,2,2
3071,2024,58,1,15,40,2,2
3072,2024,43,2,17,50,3,2
3073,2024,31,1,16,40,1,1
3074,2024,46,1,12,65,2,2
3075,2024,39,1,12,60,2,2
3076,2024,35,1,13,40,2,3
3077,2024,20,1,15,35,2,0
3078,2024,73,2,12,,1,2
3079,2024,35,1,19,50,1,0
3080,2024,63,2,16,24,3,4
3081,2024,83,2,16,,2,2
3082,2024,65,1,12,,2,
3083,2024,58,2,19,,2,3
3084,2024,81,2,13,,1,6
3085,2024,61,1,12,,2,2
3086,2024,65,1,12,30,2,2
3087,2024,68,1,12,40,3,3
3088,2024,69,2,14,,2,2
3089,2024,55,2,12,42,2,2
3090,2024,70,2,14,,3,1
3091,2024,57,2,19,72,1,0
3092,2024,70,1,14,40,1,0
3093,2024,67,2,10,,2,2
3094,2024,71,2,13,,2,3
3095,2024,46,2,15,36,1,3
3096,2024,52,1,9,,2,4
3097,2024,54,2,16,,2,0
3098,2024,59,1,14,55,2,3
3099,2024,24,2,15,,1,1
3100,2024,68,1,12,,2,0
3101,2024,35,1,15,40,2,5
3102,2024,82,2,12,75,2,2
3103,2024,82,2,12,,2,0
3104,2024,55,1,11,,3,0
3105,2024,31,2,12,,1,2
3106,2024,46,2,13,0,2,3
3107,2024,58,1,15,,3,4
3108,2024,71,1,14,,2,3
3109,2024,60,1,19,40,3,0
3110,2024,40,1,16,45,2,4
3111,2024,68,1,14,,2,3
3112,2024,30,1,12,40,1,2
3113,2024,85,2,13,,2,2
3114,2024,35,2,16,,2,2
3115,2024,89,2,12,,1,7
3116,2024,75,2,13,,1,2
3117,2024,54,1,17,20,2,0
3118,2024,61,1,19,,2,2
3119,2024,63,1,12,,1,2
3120,2024,67,1,14,,2,0
3121,2024,29,2,15,45,1,1
3122,2024,55,1,16,40,2,0
3123,2024,48,2,14,50,1,2
3124,2024,25,1,16,40,2,0
3125,2024,62,1,15,,2,1
3126,2024,62,1,16,45,1,4
3127,2024,38,2,16,40,2,1
3128,2024,47,1,15,44,2,1
3129,2024,74,1,16,,1,2
3130,2024,65,1,14,,1,3
3131,2024,74,2,12,,1,3
3132,2024,83,2,12,,1,2
3133,2024,59,2,12,,1,2
3134,2024,69,2,13,,2,3
3135,2024,23,1,16,,3,0
3136,2024,63,1,16,,2,0
3137,2024,50,2,14,50,2,1
3138,2024,60,2,20,15,2,0
3139,2024,18,2,11,,2,0
3140,2024,43,1,14,50,2,8
3141,2024,39,1,17,55,2,2
3142,2024,78,1,16,,1,3
3143,2024,36,1,12,40,2,0
3144,2024,42,1,9,40,2,0
3145,2024,51,2,14,5,1,2
3146,2024,76,2,11,,1,2
3147,2024,57,2,12,25,2,2
3148,2024,33,2,16,40,1,2
3149,2024,69,1,12,,1,2
3150,2024,64,1,14,,2,3
3151,2024,67,1,13,,2,4
3152,2024,70,2,15,,1,3
3153,2024,58,1,12,40,2,2
3154,2024,66,1,12,,2,0
3155,2024,53,1,12,62,2,4
3156,2024,70,1,12,,2,2
3157,2024,79,2,13,,2,1
3158,2024,31,2,11,,2,2
3159,2024,26,1,12,40,2,3
3160,2024,49,2,17,40,2,6
3161,2024,26,2,12,,2,1
3162,2024,50,1,14,40,2,2
3163,2024,80,2,7,,2,4
3164,2024,38,2,12,37,2,2
3165,2024,67,1,15,,2,4
3166,2024,18,1,12,12,2,0
3167,2024,40,2,17,40,1,0
3168,2024,37,2,16,,3,2
3169,2024,70,1,12,,3,2
3170,2024,43,2,12,,3,0
3171,2024,68,2,11,,3,2
3172,2024,62,2,11,45,2,3
3173,2024,44,2,14,,2,1
3174,2024,57,2,,,2,3
3175,2024,55,1,10,,3,1
3176,2024,72,2,10,,2,3
3177,2024,65,2,12,,2,2
3178,2024,18,2,9,21,3,0
3179,2024,,2,12,,1,2
3180,2024,49,2,18,40,3,
3181,2024,27,2,14,32,2,2
3182,2024,60,1,11,27,2,0
3183,2024,40,1,13,40,2,2
3184,2024,62,1,15,50,2,6
3185,2024,45,2,15,,2,2
3186,2024,45,2,14,40,1,2
3187,2024,48,1,16,40,2,3
3188,2024,55,2,14,40,2,2
3189,2024,36,2,16,30,2,2
3190,2024,30,2,13,16,2,1
3191,2024,59,2,10,,3,2
3192,2024,67,1,13,,2,1
3193,2024,47,2,14,40,2,2
3194,2024,64,2,16,20,1,0
3195,2024,60,1,11,35,2,0
3196,2024,32,1,14,42,3,2
3197,2024,51,1,12,,3,3
3198,2024,60,2,14,,3,4
3199,2024,62,1,12,,2,0
3200,2024,27,2,11,,3,4
3201,2024,23,2,12,,2,3
3202,2024,25,2,14,,2,2
3203,2024,33,2,13,40,3,3
3204,2024,47,1,20,40,2,1
3205,2024,57,1,15,40,3,2
3206,2024,66,1,14,,3,2
3207,2024,39,2,16,,3,3
3208,2024,38,1,12,,3,0
3209,2024,75,1,12,,3,8
3210,2024,75,1,12,,1,5
3211,2024,73,2,8,,2,4
3212,2024,66,1,12,,2,6
3213,2024,52,1,14,40,3,0
3214,2024,34,2,14,40,2,2
3215,2024,61,2,11,,1,0
3216,2024,44,2,12,14,1,6
3217,2024,34,2,13,40,2,4
3218,2024,53,2,11,,3,3
3219,2024,47,1,12,40,2,1
3220,2024,43,2,11,,2,5
3221,2024,44,2,12,,2,3
3222,2024,52,1,12,,3,8
3223,2024,49,2,8,,1,8
3224,2024,62,1,12,,2,0
3225,2024,28,2,12,,2,0
3226,2024,39,1,12,,2,4
3227,2024,50,2,14,40,2,2
3228,2024,28,2,14,,2,2
3229,2024,44,2,16,46,3,0
3230,2024,44,2,13,40,1,5
3231,2024,42,1,13,29,2,3
3232,2024,29,2,12,,2,2
3233,2024,24,2,11,,2,0
3234,2024,80,2,11,,2,5
3235,2024,63,1,15,,3,1
3236,2024,60,2,14,36,2,0
3237,2024,51,2,16,20,1,2
3238,2024,42,1,12,40,1,3
3239,2024,30,2,11,40,2,6
3240,2024,64,2,14,,1,4
3241,2024,22,2,12,,3,2
3242,2024,42,1,11,7,2,0
3243,2024,39,2,8,,1,2
3244,2024,66,2,14,,1,2
3245,2024,82,1,12,,2,2
3246,2024,89,2,12,,1,3
3247,2024,64,2,16,,2,1
3248,2024,60,1,10,,2,1
3249,2024,64,1,11,,2,2
3250,2024,63,2,18,,2,1
3251,2024,40,2,14,,3,1
3252,2024,84,1,16,,2,4
3253,2024,25,1,17,60,3,0
3254,2024,85,1,16,,2,5
3255,2024,59,2,19,,2,1
3256,2024,79,1,18,,2,2
3257,2024,67,2,12,,1,2
3258,2024,84,2,12,,3,4
3259,2024,52,1,12,30,2,0
3260,2024,83,2,12,,1,5
3261,2024,45,2,18,50,3,0
3262,2024,49,1,16,80,1,1
3263,2024,48,1,20,,2,2
3264,2024,75,1,16,,2,2
3265,2024,71,2,20,,1,1
3266,2024,65,2,16,,2,0
3267,2024,73,1,12,,2,8
3268,2024,55,1,12,,2,0
3269,2024,58,2,12,,3,4
3270,2024,44,2,17,24,3,0
3271,2024,62,2,13,,1,1
3272,2024,55,2,15,60,1,2
3273,2024,48,1,11,25,2,8
3274,2024,76,2,17,,3,0
3275,2024,82,2,18,,2,1
3276,2024,77,2,16,,2,2
3277,2024,63,2,12,40,2,0
3278,2024,86,2,12,,2,4
3279,2024,55,2,18,30,1,1
3280,2024,,1,16,45,2,2
3281,2024,65,2,12,,1,2
3282,2024,71,1,13,,3,3
3283,2024,76,2,13,,3,3
3284,2024,25,2,14,15,1,0
3285,2024,75,2,16,,2,2
3286,2024,,2,20,,2,2
3287,2024,83,1,15,,1,3
3288,2024,56,1,13,,3,1
3289,2024,74,1,13,30,2,2
3290,2024,29,2,13,0,1,0
3291,2024,38,2,12,,3,2
3292,2024,77,2,12,,2,2
3293,2024,45,1,12,34,2,1
3294,2024,54,2,13,50,2,3
3295,2024,58,1,12,27,2,0
3296,2024,46,1,12,,1,2
3297,2024,27,1,13,40,2,0
3298,2024,52,2,12,,1,3
3299,2024,73,2,20,,3,0
3300,2024,60,2,16,,1,2
3301,2024,24,1,12,,3,0
3302,2024,71,1,16,,2,3
3303,2024,39,1,18,40,2,4
3304,2024,83,1,19,,3,2
3305,2024,84,1,20,15,2,3
3306,2024,68,1,14,18,2,4
3307,2024,74,2,12,,2,3
3308,2024,51,2,20,37,2,3
3309,2024,69,2,18,,2,2
3310,2024,35,2,14,,2,0
3311,2024,64,2,16,25,2,4
3312,2024,22,2,13,,1,
3313,2024,22,1,14,40,2,2
3314,2024,23,2,15,23,3,0
3315,2024,44,1,20,40,2,2
3316,2024,46,1,14,40,1,2
3317,2024,33,2,12,40,1,0
3318,2024,38,2,12,,2,4
3319,2024,31,2,14,40,3,1
3320,2024,37,2,16,40,2,2
3321,2024,55,1,14,40,3,6
3322,2024,67,1,15,,3,2
3323,2024,41,2,16,20,3,3
3324,2024,40,2,12,24,2,3
3325,2024,68,2,14,,1,2
3326,2024,20,2,14,,3,0
3327,2024,51,1,16,40,2,2
3328,2024,63,1,17,40,2,0
3329,2024,22,2,16,32,3,2
3330,2024,63,2,13,,3,2
3331,2024,37,1,16,40,2,1
3332,2024,71,1,16,,1,3
3333,2024,29,2,12,40,2,3
3334,2024,60,1,16,40,2,2
3335,2024,61,2,20,40,2,4
3336,2024,64,2,14,,3,3
3337,2024,29,2,12,,3,1
3338,2024,35,1,20,40,3,2
3339,2024,40,1,12,40,3,6
3340,2024,67,1,13,40,2,3
3341,2024,34,2,14,40,2,0
3342,2024,56,2,16,50,3,1
3343,2024,57,2,12,,2,2
3344,2024,34,2,16,40,2,2
3345,2024,25,2,20,45,2,5
3346,2024,41,1,13,43,3,2
3347,2024,37,2,6,40,2,4
3348,2024,64,1,13,40,1,5
3349,2024,40,1,12,40,3,0
3350,2024,34,2,17,,1,1
3351,2024,53,2,16,18,2,1
3352,2024,36,1,16,47,3,0
3353,2024,60,2,13,,2,3
3354,2024,39,2,16,40,3,0
3355,2024,20,1,14,,2,0
3356,2024,48,2,14,35,3,2
3357,2024,32,1,20,40,1,0
3358,2024,29,2,12,,2,0
3359,2024,19,2,13,,2,0
3360,2024,29,1,16,40,2,0
3361,2024,28,2,13,,2,5
3362,2024,,,,0,2,
3363,2024,20,2,12,,3,0
3364,2024,44,2,16,32,2,2
3365,2024,23,1,12,40,3,0
3366,2024,62,1,12,,2,3
3367,2024,23,1,13,30,3,0
3368,2024,25,1,20,5,2,0
3369,2024,32,,12,7,2,6
3370,2024,26,1,14,40,1,0
3371,2024,65,1,13,,2,0
3372,2024,44,1,14,40,3,0
3373,2024,34,1,14,,2,0
3374,2024,34,1,13,40,2,2
3375,2024,31,1,12,,2,0
3376,2024,23,2,16,,2,0
3377,2024,20,2,,,1,0
3378,2024,36,2,14,60,1,4
3379,2024,46,2,16,,2,0
3380,2024,40,1,12,40,2,3
3381,2024,24,2,15,,3,1
3382,2024,53,2,12,,2,4
3383,2024,46,1,12,,3,1
3384,2024,85,1,20,,1,3
3385,2024,22,2,16,40,2,0
3386,2024,49,1,16,36,2,0
3387,2024,24,1,16,,2,0
3388,2024,48,2,14,40,2,0
3389,2024,22,2,12,41,1,0
3390,2024,44,1,12,40,1,1
3391,2024,59,1,13,,2,5
3392,2024,37,1,12,35,1,0
3393,2024,42,2,14,40,3,2
3394,2024,34,1,12,40,1,0
3395,2024,26,2,6,45,2,4
3396,2024,24,2,12,0,2,1
3397,2024,20,1,14,,2,0
3398,2024,33,1,14,60,2,7
3399,2024,70,1,14,,2,1
3400,2024,23,1,17,,3,0
3401,2024,21,2,12,12,3,5
3402,2024,69,2,16,,2,4
3403,2024,59,1,14,,1,0
3404,2024,47,2,12,70,3,3
3405,2024,33,1,13,40,3,0
3406,2024,27,1,14,,2,0
3407,2024,37,2,16,20,2,2
3408,2024,70,1,11,30,2,3
3409,2024,19,1,,6,2,
3410,2024,47,1,14,,3,0
3411,2024,24,2,12,40,2,0
3412,2024,30,1,12,,3,0
3413,2024,67,1,12,,1,2
3414,2024,46,2,16,40,1,3
3415,2024,59,2,15,,2,0
3416,2024,39,1,12,40,2,4
3417,2024,39,1,13,40,3,3
3418,2024,39,2,16,40,2,3
3419,2024,,,,,2,0
3420,2024,56,2,16,40,2,4
3421,2024,18,1,12,19,2,0
3422,2024,40,,,,3,
3423,2024,33,1,17,36,2,1
3424,2024,24,1,15,,2,0
3425,2024,57,1,17,40,2,3
3426,2024,69,2,20,20,1,0
3427,2024,69,1,14,,2,2
3428,2024,44,2,13,20,1,4
3429,2024,44,1,17,40,1,0
3430,2024,61,1,12,40,2,4
3431,2024,29,1,20,40,3,0
3432,2024,71,2,16,,2,0
3433,2024,33,2,16,,2,1
3434,2024,28,1,14,36,3,0
3435,2024,23,1,11,,3,0
3436,2024,29,2,12,,2,2
3437,2024,59,1,12,56,2,4
3438,2024,24,2,13,40,2,1
3439,2024,57,2,14,40,3,3
3440,2024,67,2,12,,1,3
3441,2024,40,2,20,45,1,0
3442,2024,21,1,13,,2,0
3443,2024,60,1,13,,2,3
3444,2024,36,2,17,60,2,2
3445,2024,20,2,12,40,1,0
3446,2024,40,1,16,50,2,1
3447,2024,72,1,12,,3,3
3448,2024,,,8,,2,8
3449,2024,40,1,19,40,2,1
3450,2024,,,12,,,8
3451,2024,68,2,12,,2,0
3452,2024,,2,18,40,2,1
3453,2024,33,1,14,40,2,0
3454,2024,20,2,13,,1,1
3455,2024,69,1,18,,2,0
3456,2024,34,1,16,38,2,0
3457,2024,43,1,20,40,2,0
3458,2024,37,1,19,40,2,1
3459,2024,28,2,17,,2,0
3460,2024,58,2,9,,2,6
3461,2024,42,2,12,41,2,2
3462,2024,24,1,12,35,2,0
3463,2024,35,2,16,40,2,0
3464,2024,24,1,16,40,2,0
3465,2024,67,2,15,,2,3
3466,2024,26,2,12,,2,0
3467,2024,40,2,17,40,2,2
3468,2024,29,1,20,45,2,0
3469,2024,26,1,12,60,1,1
3470,2024,19,2,13,,2,0
3471,2024,44,1,15,,2,2
3472,2024,19,1,12,,3,0
3473,2024,61,2,14,,3,2
3474,2024,37,1,3,,2,0
3475,2024,21,1,11,,1,0
3476,2024,20,1,14,,2,0
3477,2024,40,2,18,40,2,1
3478,2024,35,2,15,40,1,2
3479,2024,29,1,14,40,2,0
3480,2024,49,1,12,35,,
3481,2024,27,2,19,46,2,0
3482,2024,25,1,16,12,2,0
3483,2024,29,1,12,,2,0
3484,2024,34,1,17,40,3,0
3485,2024,,2,15,,2,0
3486,2024,59,2,13,16,2,3
3487,2024,41,1,17,45,1,0
3488,2024,26,1,16,47,2,0
3489,2024,44,2,16,38,2,1
3490,2024,22,2,12,,2,2
3491,2024,32,1,7,,2,5
3492,2024,,2,12,20,3,8
3493,2024,41,1,14,50,1,3
3494,2024,52,1,16,50,3,2
3495,2024,58,2,16,36,3,1
3496,2024,28,2,12,,2,0
3497,2024,43,2,15,40,2,2
3498,2024,37,1,12,,2,0
3499,2024,42,1,18,60,2,2
3500,2024,40,1,20,40,2,4
3501,2024,33,2,12,,1,3
3502,2024,49,2,19,40,3,1
3503,2024,52,1,9,60,2,5
3504,2024,22,2,14,,1,2
3505,2024,74,2,14,,2,3
3506,2024,54,1,12,40,2,4
3507,2024,31,2,12,10,2,0
3508,2024,32,1,12,40,3,0
3509,2024,27,2,12,42,1,4
3510,2024,75,2,12,,2,2
3511,2024,41,2,16,35,2,3
3512,2024,62,2,15,,1,2
3513,2024,32,2,12,,2,1
3514,2024,38,2,15,,1,0
3515,2024,36,1,16,25,2,0
3516,2024,62,2,12,20,2,3
3517,2024,58,1,17,,2,0
3518,2024,18,2,12,,2,0
3519,2024,40,2,14,50,2,0
3520,2024,29,2,16,40,2,0
3521,2024,31,1,,40,3,
3522,2024,40,2,15,,1,2
3523,2024,73,1,12,,1,2
3524,2024,,2,16,,2,2
3525,2024,32,2,16,,1,1
3526,2024,28,2,17,21,3,0
3527,2024,56,2,12,40,3,0
3528,2024,49,1,12,,2,5
3529,2024,44,1,15,40,2,0
3530,2024,30,1,12,40,2,0
3531,2024,61,2,13,30,3,3
3532,2024,76,2,12,,1,3
3533,2024,36,2,16,35,2,0
3534,2024,32,2,16,,3,0
3535,2024,38,2,12,47,3,1
3536,2024,28,1,16,,1,4
3537,2024,26,2,12,50,3,3
3538,2024,43,1,14,20,1,5
3539,2024,49,1,12,,2,2
3540,2024,26,2,12,,1,2
3541,2024,36,1,17,40,2,0
3542,2024,38,2,16,,1,2
3543,2024,58,1,16,40,1,1
3544,2024,66,2,14,10,2,2
3545,2024,27,2,7,67,2,4
3546,2024,31,2,16,44,3,1
3547,2024,33,2,16,,1,1
3548,2024,74,1,15,,2,5
3549,2024,64,1,14,,2,8
3550,2024,,2,14,,2,3
3551,2024,64,1,14,42,2,2
3552,2024,31,2,18,40,2,1
3553,2024,55,1,14,40,2,3
3554,2024,43,1,14,45,1,0
3555,2024,43,2,13,40,2,1
3556,2024,58,2,17,35,3,1
3557,2024,65,2,14,40,2,0
3558,2024,36,1,16,40,1,2
3559,2024,37,2,14,40,2,2
3560,2024,53,1,16,40,2,0
3561,2024,71,1,14,,2,3
3562,2024,45,1,12,55,2,0
3563,2024,44,2,13,,2,1
3564,2024,21,2,16,32,3,0
3565,2024,27,2,16,39,3,0
3566,2024,30,2,15,32,1,1
3567,2024,38,1,14,35,1,2
3568,2024,38,1,12,35,2,0
3569,2024,51,2,16,40,2,2
3570,2024,20,1,12,,2,0
3571,2024,47,2,16,30,2,1
3572,2024,33,1,13,,1,2
3573,2024,52,2,14,,3,2
3574,2024,44,1,16,44,2,1
3575,2024,,2,13,40,2,1
3576,2024,27,2,17,45,2,0
3577,2024,29,2,16,,1,1
3578,2024,48,1,16,40,3,3
3579,2024,36,2,18,40,2,0
3580,2024,21,2,15,18,2,0
3581,2024,43,1,16,40,2,2
3582,2024,64,1,12,,2,0
3583,2024,68,2,12,,3,2
3584,2024,41,2,16,40,3,2
3585,2024,69,2,16,,2,0
3586,2024,42,2,15,40,1,2
3587,2024,65,1,18,64,3,3
3588,2024,52,1,19,20,2,8
3589,2024,65,1,16,,2,4
3590,2024,52,2,12,37,1,3
3591,2024,35,2,12,10,2,2
3592,2024,24,1,13,,3,2
3593,2024,41,2,8,26,2,2
3594,2024,66,2,14,,3,2
3595,2024,84,2,13,,3,2
3596,2024,39,1,14,40,2,2
3597,2024,35,2,13,,2,4
3598,2024,27,1,12,40,2,0
3599,2024,25,1,14,65,1,2
3600,2024,41,1,14,40,1,0
3601,2024,47,2,12,,2,3
3602,2024,29,2,10,31,1,3
3603,2024,22,1,12,38,2,0
3604,2024,53,2,19,59,2,2
3605,2024,34,1,16,40,2,0
3606,2024,39,1,12,,2,1
3607,2024,20,2,14,40,2,0
3608,2024,66,2,17,,3,1
3609,2024,20,2,16,40,3,3
3610,2024,20,2,14,,3,2
3611,2024,73,2,15,,1,2
3612,2024,37,2,12,,3,4
3613,2024,40,2,17,35,2,1
3614,2024,31,1,16,36,2,2
3615,2024,48,2,14,,3,2
3616,2024,48,2,12,16,2,2
3617,2024,51,1,14,40,2,2
3618,2024,31,1,,60,2,
3619,2024,42,1,13,50,2,1
3620,2024,60,1,16,40,2,1
3621,2024,30,2,16,40,2,0
3622,2024,44,2,12,55,2,1
3623,2024,67,2,18,,2,2
3624,2024,52,1,14,,2,0
3625,2024,34,2,12,,1,3
3626,2024,49,1,16,,2,0
3627,2024,38,2,13,32,2,3
3628,2024,27,2,16,,2,0
3629,2024,55,2,20,40,2,0
3630,2024,30,1,16,40,2,0
3631,2024,45,2,15,,2,0
3632,2024,26,2,12,35,3,0
3633,2024,39,2,14,42,2,1
3634,2024,28,1,15,40,3,2
3635,2024,33,2,20,40,2,0
3636,2024,27,2,20,40,2,0
3637,2024,36,1,16,40,1,1
3638,2024,51,1,14,50,3,2
3639,2024,34,1,16,,3,0
3640,2024,43,2,16,40,2,3
3641,2024,57,2,14,,2,0
3642,2024,55,2,12,40,2,0
3643,2024,54,2,14,40,1,2
3644,2024,49,1,12,40,1,
3645,2024,39,2,12,40,3,0
3646,2024,28,2,10,10,2,2
3647,2024,22,1,16,20,1,5
3648,2024,46,1,15,20,3,0
3649,2024,44,1,8,89,3,4
3650,2024,19,1,13,,1,0
3651,2024,33,2,20,89,2,5
3652,2024,41,2,18,60,2,1
3653,2024,28,1,16,40,2,0
3654,2024,21,1,12,,3,1
3655,2024,56,1,18,,2,0
3656,2024,53,1,16,40,3,2
3657,2024,,2,11,40,2,0
3658,2024,51,1,16,40,2,3
3659,2024,58,1,15,12,2,1
3660,2024,44,1,14,40,2,2
3661,2024,39,2,12,80,2,3
3662,2024,26,1,15,40,3,5
3663,2024,40,1,16,40,3,0
3664,2024,52,1,12,,2,1
3665,2024,59,2,13,,1,3
3666,2024,38,2,20,20,1,2
3667,2024,35,2,12,54,1,4
3668,2024,27,2,8,,2,2
3669,2024,37,1,19,50,2,4
3670,2024,53,2,16,40,2,2
3671,2024,73,2,12,,1,0
3672,2024,62,1,18,,2,2
3673,2024,,2,14,,2,2
3674,2024,71,1,12,,2,2
3675,2024,61,2,14,25,3,3
3676,2024,35,2,18,55,2,1
3677,2024,62,1,12,60,1,3
3678,2024,30,2,18,,2,1
3679,2024,26,2,16,40,2,0
3680,2024,23,1,5,25,2,4
3681,2024,59,1,12,40,2,1
3682,2024,25,1,13,40,2,0
3683,2024,57,1,16,50,1,1
3684,2024,38,1,16,43,2,4
3685,2024,41,2,16,34,3,0
3686,2024,69,2,6,40,2,4
3687,2024,30,1,16,30,2,0
3688,2024,43,2,17,40,2,2
3689,2024,,2,18,,2,0
3690,2024,52,1,14,48,3,2
3691,2024,25,1,12,,3,0
3692,2024,45,2,12,40,1,3
3693,2024,38,2,18,,2,0
3694,2024,40,1,16,40,1,3
3695,2024,23,1,12,,2,4
3696,2024,22,2,15,,2,0
3697,2024,59,2,16,50,3,2
3698,2024,63,1,14,60,2,5
3699,2024,34,2,16,40,2,4
3700,2024,34,1,12,31,3,0
3701,2024,62,2,0,25,2,3
3702,2024,25,2,13,10,2,2
3703,2024,35,1,17,40,3,0
3704,2024,27,1,16,40,2,0
3705,2024,48,1,12,40,1,3
3706,2024,54,2,18,47,2,2
3707,2024,43,2,10,48,2,2
3708,2024,21,1,14,8,2,0
3709,2024,23,1,16,15,2,3
3710,2024,32,2,15,,3,2
3711,2024,42,1,19,40,3,0
3712,2024,61,1,14,40,3,4
3713,2024,36,1,12,40,3,2
3714,2024,28,2,16,40,2,0
3715,2024,43,1,12,43,2,2
3716,2024,27,2,14,26,2,0
3717,2024,61,2,15,40,2,2
3718,2024,37,1,14,24,1,1
3719,2024,52,1,16,,1,2
3720,2024,56,2,16,,2,4
3721,2024,33,2,14,40,3,3
3722,2024,61,1,14,,2,5
3723,2024,27,1,12,40,2,0
3724,2024,,1,16,40,1,0
3725,2024,24,1,16,40,2,0
3726,2024,19,1,12,,2,0
3727,2024,38,1,12,,2,0
3728,2024,57,1,16,48,3,4
3729,2024,20,2,14,,2,0
3730,2024,35,1,14,,3,1
3731,2024,44,1,14,50,1,3
3732,2024,36,2,15,48,2,1
3733,2024,31,2,12,10,3,0
3734,2024,68,2,13,,1,3
3735,2024,24,2,12,20,3,3
3736,2024,56,2,15,45,1,2
3737,2024,24,2,16,42,2,0
3738,2024,55,1,12,40,1,3
3739,2024,38,2,14,,2,1
3740,2024,37,1,12,43,2,0
3741,2024,32,2,16,40,2,0
3742,2024,,2,16,,2,1
3743,2024,63,1,12,45,2,3
3744,2024,66,1,18,44,2,1
3745,2024,31,1,8,3,1,3
3746,2024,67,1,20,38,2,0
3747,2024,35,2,0,,2,0
3748,2024,81,2,13,,2,3
3749,2024,37,2,12,60,2,1
3750,2024,28,1,16,,2,0
3751,2024,29,2,16,40,1,0
3752,2024,57,2,14,29,3,2
3753,2024,51,2,15,,3,2
3754,2024,39,1,12,35,2,1
3755,2024,52,2,8,40,2,3
3756,2024,41,2,15,35,2,2
3757,2024,36,2,17,40,1,2
3758,2024,22,2,,,1,
3759,2024,43,2,16,40,2,0
3760,2024,41,2,10,8,3,4
3761,2024,58,2,19,40,2,1
3762,2024,39,2,13,38,2,3
3763,2024,,2,11,,2,
3764,2024,71,1,14,40,2,4
3765,2024,56,2,14,56,2,1
3766,2024,21,2,12,40,2,0
3767,2024,,2,13,40,2,1
3768,2024,24,2,16,,2,0
3769,2024,49,2,12,40,1,5
3770,2024,37,2,5,36,,3
3771,2024,67,1,13,,2,0
3772,2024,30,1,11,70,3,2
3773,2024,48,2,14,20,2,2
3774,2024,34,2,12,16,2,2
3775,2024,30,2,16,40,2,1
3776,2024,39,1,12,,2,3
3777,2024,72,1,15,,2,3
3778,2024,61,1,14,,2,1
3779,2024,33,2,12,,3,2
3780,2024,32,1,12,48,2,1
3781,2024,29,1,12,,3,2
3782,2024,24,1,16,,2,0
3783,2024,45,2,20,40,2,0
3784,2024,32,1,17,40,2,0
3785,2024,31,1,16,,2,0
3786,2024,37,1,12,50,1,4
3787,2024,46,2,19,24,2,2
3788,2024,40,1,16,,1,3
3789,2024,57,1,18,20,2,2
3790,2024,62,1,14,,2,1
3791,2024,61,1,15,,1,3
3792,2024,54,1,20,6,2,1
3793,2024,28,2,12,35,3,0
3794,2024,54,1,20,40,2,2
3795,2024,33,2,13,45,2,2
3796,2024,56,1,12,30,2,0
3797,2024,47,2,14,,3,1
3798,2024,67,2,17,50,2,3
3799,2024,31,2,15,,3,2
3800,2024,39,1,12,40,2,3
3801,2024,47,1,12,40,2,4
3802,2024,31,2,16,40,3,0
3803,2024,31,1,7,40,2,2
3804,2024,35,2,13,48,1,1
3805,2024,32,1,16,40,3,0
3806,2024,58,1,16,40,3,1
3807,2024,33,2,12,25,3,4
3808,2024,69,2,16,,2,1
3809,2024,65,2,14,,2,0
3810,2024,18,2,16,60,2,3
3811,2024,42,2,16,40,2,1
3812,2024,62,2,18,40,3,1
3813,2024,40,1,16,40,1,3
3814,2024,71,2,14,,2,0
3815,2024,20,2,15,,2,0
3816,2024,30,2,16,45,1,1
3817,2024,22,2,15,32,3,0
3818,2024,23,2,13,20,2,1
3819,2024,43,1,14,32,2,1
3820,2024,32,1,,40,2,1
3821,2024,62,1,15,40,2,4
3822,2024,76,2,13,,2,1
3823,2024,77,1,16,,2,4
3824,2024,41,1,15,50,2,2
3825,2024,38,2,12,,1,3
3826,2024,31,1,20,,2,2
3827,2024,31,1,12,,1,1
3828,2024,29,2,13,42,3,2
3829,2024,58,1,16,60,1,2
3830,2024,42,2,18,40,2,2
3831,2024,24,2,12,,2,2
3832,2024,34,2,16,45,2,0
3833,2024,37,1,10,40,2,0
3834,2024,46,1,14,,3,3
3835,2024,47,1,0,40,1,0
3836,2024,28,,12,40,3,0
3837,2024,34,2,16,40,2,0
3838,2024,56,1,12,50,2,1
3839,2024,22,1,13,,2,0
3840,2024,61,1,12,,2,4
3841,2024,31,2,20,41,2,0
3842,2024,45,1,16,40,2,1
3843,2024,32,2,13,50,2,0
3844,2024,34,2,18,52,1,0
3845,2024,66,2,12,,2,1
3846,2024,57,2,12,32,2,3
3847,2024,45,1,16,40,2,0
3848,2024,48,2,13,,2,3
3849,2024,37,2,16,50,2,2
3850,2024,29,1,16,40,3,0
3851,2024,44,2,14,60,2,1
3852,2024,59,1,16,40,2,2
3853,2024,52,2,14,36,3,2
3854,2024,36,1,10,40,1,5
3855,2024,63,2,19,,2,1
3856,2024,64,1,13,40,2,3
3857,2024,46,1,16,50,3,3
3858,2024,31,1,17,60,3,1
3859,2024,35,2,16,,2,1
3860,2024,44,2,18,40,2,2
3861,2024,44,2,16,40,2,1
3862,2024,41,2,14,,3,2
3863,2024,62,2,6,,3,3
3864,2024,25,2,14,20,2,0
3865,2024,57,1,16,40,2,1
3866,2024,64,2,20,,2,2
3867,2024,44,1,18,40,3,0
3868,2024,35,2,10,36,3,5
3869,2024,55,2,12,,3,0
3870,2024,45,2,13,40,1,1
3871,2024,38,2,16,,3,0
3872,2024,,2,17,40,2,0
3873,2024,72,1,14,,2,1
3874,2024,28,1,12,,2,0
3875,2024,68,1,8,,3,2
3876,2024,,1,3,,1,7
3877,2024,20,2,14,32,2,0
3878,2024,31,1,18,50,2,3
3879,2024,28,,,,,
3880,2024,30,2,16,40,2,3
3881,2024,60,2,10,,3,3
3882,2024,52,1,14,60,3,3
3883,2024,30,1,18,60,2,0
3884,2024,40,1,12,40,2,2
3885,2024,50,1,19,40,2,0
3886,2024,47,1,14,8,3,0
3887,2024,23,1,12,8,2,0
3888,2024,53,1,16,40,1,0
3889,2024,52,1,13,20,3,0
3890,2024,22,2,12,35,2,0
3891,2024,50,1,19,,1,1
3892,2024,24,1,16,20,2,0
3893,2024,32,,12,,2,2
3894,2024,51,1,14,40,2,0
3895,2024,55,2,19,,1,1
3896,2024,29,1,14,43,2,1
3897,2024,26,2,12,,2,4
3898,2024,63,2,14,,2,2
3899,2024,70,1,17,,2,2
3900,2024,34,2,18,18,1,0
3901,2024,54,2,13,60,2,1
3902,2024,20,2,14,,2,0
3903,2024,53,1,16,40,2,3
3904,2024,48,1,17,40,2,0
3905,2024,30,1,16,60,2,0
3906,2024,62,1,12,,1,0
3907,2024,40,2,16,40,3,2
3908,2024,67,1,14,,2,1
3909,2024,49,2,14,49,2,3
3910,2024,68,1,15,,3,1
3911,2024,48,1,16,40,3,2
3912,2024,22,2,12,,3,0
3913,2024,36,1,15,,2,0
3914,2024,75,2,14,,3,2
3915,2024,24,1,16,30,2,0
3916,2024,25,1,16,55,1,0
3917,2024,25,2,16,40,2,0
3918,2024,,1,16,70,2,0
3919,2024,65,1,18,40,2,2
3920,2024,62,1,16,,3,1
3921,2024,26,1,16,40,3,0
3922,2024,40,2,12,,2,1
3923,2024,62,1,16,,2,0
3924,2024,33,1,17,45,2,0
3925,2024,42,2,12,40,3,4
3926,2024,50,1,15,40,2,1
3927,2024,43,1,12,40,2,2
3928,2024,44,1,16,43,2,4
3929,2024,39,2,12,40,2,3
3930,2024,35,1,18,35,2,2
3931,2024,34,1,12,,2,3
3932,2024,32,2,18,50,3,0
3933,2024,53,2,14,,2,3
3934,2024,32,2,17,38,3,0
3935,2024,37,2,16,38,2,0
3936,2024,,1,18,40,2,0
3937,2024,72,2,18,,2,3
3938,2024,,1,16,32,3,1
3939,2024,59,1,5,40,2,0
3940,2024,53,2,16,,3,2
3941,2024,54,1,17,40,2,2
3942,2024,42,1,13,40,1,1
3943,2024,34,2,18,25,2,0
3944,2024,40,2,17,,2,2
3945,2024,27,1,16,40,2,0
3946,2024,56,,16,25,2,0
3947,2024,,1,18,40,2,0
3948,2024,36,2,16,36,2,2
3949,2024,33,2,16,,2,0
3950,2024,33,2,20,40,2,0
3951,2024,25,,,40,1,0
3952,2024,36,2,19,15,2,0
3953,2024,31,2,12,,2,4
3954,2024,61,1,16,,2,1
3955,2024,73,1,0,,2,4
3956,2024,59,2,18,,2,1
3957,2024,63,2,17,,2,0
3958,2024,43,2,14,40,2,2
3959,2024,50,2,16,35,2,0
3960,2024,42,1,12,,3,0
3961,2024,33,2,12,5,2,2
3962,2024,64,2,14,24,2,1
3963,2024,45,1,18,38,3,0
3964,2024,43,1,14,40,2,2
3965,2024,71,2,14,,2,2
3966,2024,70,2,14,,1,6
3967,2024,32,1,12,,3,3
3968,2024,62,2,13,66,2,1
3969,2024,59,1,20,40,2,4
3970,2024,54,1,16,40,2,2
3971,2024,60,2,14,,3,2
3972,2024,38,1,14,,1,2
3973,2024,35,2,17,20,3,0
3974,2024,43,2,16,,3,0
3975,2024,41,2,15,40,2,2
3976,2024,25,2,16,,3,0
3977,2024,29,1,16,40,1,1
3978,2024,25,2,11,,1,3
3979,2024,38,2,16,,1,3
3980,2024,68,2,16,,2,2
3981,2024,,1,16,40,2,0
3982,2024,83,1,15,,2,2
3983,2024,,1,16,40,2,1
3984,2024,43,2,12,45,2,2
3985,2024,,1,16,,1,2
3986,2024,75,1,16,,2,1
